-- MySQL dump 10.13  Distrib 8.0.44, for Win64 (x86_64)
--
-- Host: localhost    Database: schoolmanagement
-- ------------------------------------------------------
-- Server version	9.5.0

/*!40101 SET @OLD_CHARACTER_SET_CLIENT=@@CHARACTER_SET_CLIENT */;
/*!40101 SET @OLD_CHARACTER_SET_RESULTS=@@CHARACTER_SET_RESULTS */;
/*!40101 SET @OLD_COLLATION_CONNECTION=@@COLLATION_CONNECTION */;
/*!50503 SET NAMES utf8 */;
/*!40103 SET @OLD_TIME_ZONE=@@TIME_ZONE */;
/*!40103 SET TIME_ZONE='+00:00' */;
/*!40014 SET @OLD_UNIQUE_CHECKS=@@UNIQUE_CHECKS, UNIQUE_CHECKS=0 */;
/*!40014 SET @OLD_FOREIGN_KEY_CHECKS=@@FOREIGN_KEY_CHECKS, FOREIGN_KEY_CHECKS=0 */;
/*!40101 SET @OLD_SQL_MODE=@@SQL_MODE, SQL_MODE='NO_AUTO_VALUE_ON_ZERO' */;
/*!40111 SET @OLD_SQL_NOTES=@@SQL_NOTES, SQL_NOTES=0 */;
SET @MYSQLDUMP_TEMP_LOG_BIN = @@SESSION.SQL_LOG_BIN;
SET @@SESSION.SQL_LOG_BIN= 0;

--
-- GTID state at the beginning of the backup 
--

SET @@GLOBAL.GTID_PURGED=/*!80000 '+'*/ 'b3382dc6-e241-11f0-8c10-0a0027000007:1-556';

--
-- Table structure for table `classes`
--

DROP TABLE IF EXISTS `classes`;
/*!40101 SET @saved_cs_client     = @@character_set_client */;
/*!50503 SET character_set_client = utf8mb4 */;
CREATE TABLE `classes` (
  `ClassID` int NOT NULL AUTO_INCREMENT,
  `ClassName` varchar(50) NOT NULL,
  `TeacherID` int DEFAULT NULL,
  PRIMARY KEY (`ClassID`),
  KEY `TeacherID` (`TeacherID`),
  CONSTRAINT `classes_ibfk_1` FOREIGN KEY (`TeacherID`) REFERENCES `teachers` (`TeacherID`)
) ENGINE=InnoDB AUTO_INCREMENT=511 DEFAULT CHARSET=utf8mb4 COLLATE=utf8mb4_0900_ai_ci;
/*!40101 SET character_set_client = @saved_cs_client */;

--
-- Dumping data for table `classes`
--

LOCK TABLES `classes` WRITE;
/*!40000 ALTER TABLE `classes` DISABLE KEYS */;
INSERT INTO `classes` VALUES (1,'Class 1',36),(2,'Class 2',483),(3,'Class 3',7),(4,'Class 4',9),(5,'Class 5',278),(6,'Class 6',467),(7,'Class 7',123),(8,'Class 8',155),(9,'Class 9',378),(10,'Class 10',483),(11,'Class 11',320),(12,'Class 12',356),(13,'Class 13',351),(14,'Class 14',140),(15,'Class 15',448),(16,'Class 16',113),(17,'Class 17',383),(18,'Class 18',268),(19,'Class 19',185),(20,'Class 20',1),(21,'Class 21',94),(22,'Class 22',177),(23,'Class 23',184),(24,'Class 24',332),(25,'Class 25',119),(26,'Class 26',367),(27,'Class 27',20),(28,'Class 28',157),(29,'Class 29',180),(30,'Class 30',179),(31,'Class 31',120),(32,'Class 32',6),(33,'Class 33',315),(34,'Class 34',NULL),(35,'Class 35',109),(36,'Class 36',288),(37,'Class 37',334),(38,'Class 38',59),(39,'Class 39',352),(40,'Class 40',85),(41,'Class 41',292),(42,'Class 42',302),(43,'Class 43',329),(44,'Class 44',179),(45,'Class 45',NULL),(46,'Class 46',131),(47,'Class 47',387),(48,'Class 48',41),(49,'Class 49',21),(50,'Class 50',207),(51,'Class 51',501),(52,'Class 52',NULL),(53,'Class 53',142),(54,'Class 54',13),(55,'Class 55',231),(56,'Class 56',413),(57,'Class 57',269),(58,'Class 58',38),(59,'Class 59',307),(60,'Class 60',174),(61,'Class 61',420),(62,'Class 62',3),(63,'Class 63',NULL),(64,'Class 64',NULL),(65,'Class 65',503),(66,'Class 66',294),(67,'Class 67',23),(68,'Class 68',236),(69,'Class 69',416),(70,'Class 70',388),(71,'Class 71',227),(72,'Class 72',12),(73,'Class 73',500),(74,'Class 74',244),(75,'Class 75',88),(76,'Class 76',324),(77,'Class 77',340),(78,'Class 78',44),(79,'Class 79',368),(80,'Class 80',248),(81,'Class 81',480),(82,'Class 82',369),(83,'Class 83',294),(84,'Class 84',394),(85,'Class 85',107),(86,'Class 86',403),(87,'Class 87',333),(88,'Class 88',202),(89,'Class 89',181),(90,'Class 90',NULL),(91,'Class 91',146),(92,'Class 92',467),(93,'Class 93',261),(94,'Class 94',474),(95,'Class 95',280),(96,'Class 96',208),(97,'Class 97',288),(98,'Class 98',NULL),(99,'Class 99',469),(100,'Class 100',NULL),(101,'Class 101',162),(102,'Class 102',406),(103,'Class 103',486),(104,'Class 104',54),(105,'Class 105',130),(106,'Class 106',NULL),(107,'Class 107',435),(108,'Class 108',293),(109,'Class 109',469),(110,'Class 110',378),(111,'Class 111',439),(112,'Class 112',136),(113,'Class 113',326),(114,'Class 114',241),(115,'Class 115',155),(116,'Class 116',200),(117,'Class 117',163),(118,'Class 118',5),(119,'Class 119',277),(120,'Class 120',8),(121,'Class 121',353),(122,'Class 122',413),(123,'Class 123',454),(124,'Class 124',419),(125,'Class 125',290),(126,'Class 126',456),(127,'Class 127',134),(128,'Class 128',418),(129,'Class 129',16),(130,'Class 130',NULL),(131,'Class 131',457),(132,'Class 132',299),(133,'Class 133',23),(134,'Class 134',121),(135,'Class 135',464),(136,'Class 136',59),(137,'Class 137',477),(138,'Class 138',510),(139,'Class 139',471),(140,'Class 140',441),(141,'Class 141',305),(142,'Class 142',117),(143,'Class 143',315),(144,'Class 144',354),(145,'Class 145',321),(146,'Class 146',NULL),(147,'Class 147',17),(148,'Class 148',115),(149,'Class 149',115),(150,'Class 150',141),(151,'Class 151',46),(152,'Class 152',422),(153,'Class 153',NULL),(154,'Class 154',155),(155,'Class 155',353),(156,'Class 156',419),(157,'Class 157',126),(158,'Class 158',27),(159,'Class 159',123),(160,'Class 160',464),(161,'Class 161',NULL),(162,'Class 162',87),(163,'Class 163',70),(164,'Class 164',151),(165,'Class 165',365),(166,'Class 166',16),(167,'Class 167',278),(168,'Class 168',27),(169,'Class 169',353),(170,'Class 170',220),(171,'Class 171',366),(172,'Class 172',452),(173,'Class 173',417),(174,'Class 174',95),(175,'Class 175',218),(176,'Class 176',374),(177,'Class 177',286),(178,'Class 178',145),(179,'Class 179',450),(180,'Class 180',394),(181,'Class 181',489),(182,'Class 182',370),(183,'Class 183',202),(184,'Class 184',313),(185,'Class 185',400),(186,'Class 186',375),(187,'Class 187',NULL),(188,'Class 188',355),(189,'Class 189',295),(190,'Class 190',55),(191,'Class 191',65),(192,'Class 192',478),(193,'Class 193',468),(194,'Class 194',NULL),(195,'Class 195',118),(196,'Class 196',366),(197,'Class 197',231),(198,'Class 198',229),(199,'Class 199',250),(200,'Class 200',222),(201,'Class 201',356),(202,'Class 202',9),(203,'Class 203',311),(204,'Class 204',345),(205,'Class 205',287),(206,'Class 206',39),(207,'Class 207',271),(208,'Class 208',140),(209,'Class 209',358),(210,'Class 210',137),(211,'Class 211',NULL),(212,'Class 212',335),(213,'Class 213',44),(214,'Class 214',101),(215,'Class 215',502),(216,'Class 216',485),(217,'Class 217',434),(218,'Class 218',82),(219,'Class 219',215),(220,'Class 220',408),(221,'Class 221',65),(222,'Class 222',59),(223,'Class 223',116),(224,'Class 224',186),(225,'Class 225',472),(226,'Class 226',401),(227,'Class 227',94),(228,'Class 228',318),(229,'Class 229',395),(230,'Class 230',462),(231,'Class 231',161),(232,'Class 232',1),(233,'Class 233',245),(234,'Class 234',NULL),(235,'Class 235',95),(236,'Class 236',453),(237,'Class 237',350),(238,'Class 238',500),(239,'Class 239',229),(240,'Class 240',395),(241,'Class 241',71),(242,'Class 242',216),(243,'Class 243',292),(244,'Class 244',254),(245,'Class 245',81),(246,'Class 246',31),(247,'Class 247',NULL),(248,'Class 248',NULL),(249,'Class 249',460),(250,'Class 250',166),(251,'Class 251',62),(252,'Class 252',285),(253,'Class 253',113),(254,'Class 254',120),(255,'Class 255',500),(256,'Class 256',223),(257,'Class 257',320),(258,'Class 258',428),(259,'Class 259',172),(260,'Class 260',318),(261,'Class 261',74),(262,'Class 262',NULL),(263,'Class 263',381),(264,'Class 264',NULL),(265,'Class 265',282),(266,'Class 266',439),(267,'Class 267',322),(268,'Class 268',451),(269,'Class 269',300),(270,'Class 270',161),(271,'Class 271',NULL),(272,'Class 272',77),(273,'Class 273',53),(274,'Class 274',486),(275,'Class 275',178),(276,'Class 276',59),(277,'Class 277',507),(278,'Class 278',106),(279,'Class 279',501),(280,'Class 280',66),(281,'Class 281',196),(282,'Class 282',203),(283,'Class 283',NULL),(284,'Class 284',510),(285,'Class 285',2),(286,'Class 286',169),(287,'Class 287',NULL),(288,'Class 288',182),(289,'Class 289',17),(290,'Class 290',185),(291,'Class 291',335),(292,'Class 292',416),(293,'Class 293',298),(294,'Class 294',364),(295,'Class 295',351),(296,'Class 296',488),(297,'Class 297',148),(298,'Class 298',247),(299,'Class 299',437),(300,'Class 300',440),(301,'Class 301',NULL),(302,'Class 302',136),(303,'Class 303',289),(304,'Class 304',256),(305,'Class 305',NULL),(306,'Class 306',NULL),(307,'Class 307',291),(308,'Class 308',260),(309,'Class 309',374),(310,'Class 310',NULL),(311,'Class 311',508),(312,'Class 312',473),(313,'Class 313',349),(314,'Class 314',240),(315,'Class 315',113),(316,'Class 316',NULL),(317,'Class 317',487),(318,'Class 318',282),(319,'Class 319',77),(320,'Class 320',166),(321,'Class 321',213),(322,'Class 322',158),(323,'Class 323',350),(324,'Class 324',176),(325,'Class 325',227),(326,'Class 326',4),(327,'Class 327',210),(328,'Class 328',131),(329,'Class 329',382),(330,'Class 330',256),(331,'Class 331',313),(332,'Class 332',41),(333,'Class 333',94),(334,'Class 334',211),(335,'Class 335',484),(336,'Class 336',406),(337,'Class 337',386),(338,'Class 338',9),(339,'Class 339',NULL),(340,'Class 340',246),(341,'Class 341',279),(342,'Class 342',430),(343,'Class 343',10),(344,'Class 344',227),(345,'Class 345',216),(346,'Class 346',493),(347,'Class 347',NULL),(348,'Class 348',NULL),(349,'Class 349',116),(350,'Class 350',359),(351,'Class 351',NULL),(352,'Class 352',113),(353,'Class 353',359),(354,'Class 354',154),(355,'Class 355',76),(356,'Class 356',35),(357,'Class 357',428),(358,'Class 358',384),(359,'Class 359',47),(360,'Class 360',234),(361,'Class 361',222),(362,'Class 362',80),(363,'Class 363',132),(364,'Class 364',NULL),(365,'Class 365',508),(366,'Class 366',429),(367,'Class 367',120),(368,'Class 368',421),(369,'Class 369',440),(370,'Class 370',429),(371,'Class 371',NULL),(372,'Class 372',427),(373,'Class 373',2),(374,'Class 374',384),(375,'Class 375',206),(376,'Class 376',133),(377,'Class 377',NULL),(378,'Class 378',120),(379,'Class 379',118),(380,'Class 380',291),(381,'Class 381',343),(382,'Class 382',85),(383,'Class 383',70),(384,'Class 384',246),(385,'Class 385',375),(386,'Class 386',236),(387,'Class 387',427),(388,'Class 388',242),(389,'Class 389',288),(390,'Class 390',105),(391,'Class 391',78),(392,'Class 392',337),(393,'Class 393',221),(394,'Class 394',134),(395,'Class 395',NULL),(396,'Class 396',110),(397,'Class 397',58),(398,'Class 398',296),(399,'Class 399',264),(400,'Class 400',341),(401,'Class 401',NULL),(402,'Class 402',107),(403,'Class 403',39),(404,'Class 404',501),(405,'Class 405',463),(406,'Class 406',412),(407,'Class 407',494),(408,'Class 408',508),(409,'Class 409',294),(410,'Class 410',17),(411,'Class 411',319),(412,'Class 412',278),(413,'Class 413',401),(414,'Class 414',5),(415,'Class 415',496),(416,'Class 416',NULL),(417,'Class 417',43),(418,'Class 418',179),(419,'Class 419',384),(420,'Class 420',73),(421,'Class 421',120),(422,'Class 422',132),(423,'Class 423',317),(424,'Class 424',57),(425,'Class 425',317),(426,'Class 426',NULL),(427,'Class 427',114),(428,'Class 428',429),(429,'Class 429',267),(430,'Class 430',216),(431,'Class 431',452),(432,'Class 432',282),(433,'Class 433',218),(434,'Class 434',303),(435,'Class 435',4),(436,'Class 436',58),(437,'Class 437',210),(438,'Class 438',153),(439,'Class 439',356),(440,'Class 440',58),(441,'Class 441',422),(442,'Class 442',472),(443,'Class 443',NULL),(444,'Class 444',427),(445,'Class 445',477),(446,'Class 446',NULL),(447,'Class 447',100),(448,'Class 448',121),(449,'Class 449',221),(450,'Class 450',394),(451,'Class 451',479),(452,'Class 452',235),(453,'Class 453',NULL),(454,'Class 454',286),(455,'Class 455',42),(456,'Class 456',NULL),(457,'Class 457',284),(458,'Class 458',222),(459,'Class 459',292),(460,'Class 460',164),(461,'Class 461',NULL),(462,'Class 462',468),(463,'Class 463',449),(464,'Class 464',504),(465,'Class 465',127),(466,'Class 466',509),(467,'Class 467',285),(468,'Class 468',NULL),(469,'Class 469',NULL),(470,'Class 470',397),(471,'Class 471',NULL),(472,'Class 472',98),(473,'Class 473',228),(474,'Class 474',186),(475,'Class 475',167),(476,'Class 476',NULL),(477,'Class 477',245),(478,'Class 478',253),(479,'Class 479',221),(480,'Class 480',191),(481,'Class 481',85),(482,'Class 482',322),(483,'Class 483',357),(484,'Class 484',117),(485,'Class 485',126),(486,'Class 486',418),(487,'Class 487',NULL),(488,'Class 488',402),(489,'Class 489',116),(490,'Class 490',94),(491,'Class 491',285),(492,'Class 492',416),(493,'Class 493',329),(494,'Class 494',NULL),(495,'Class 495',290),(496,'Class 496',409),(497,'Class 497',441),(498,'Class 498',NULL),(499,'Class 499',373),(500,'Class 500',470),(501,'Class 501',NULL),(502,'Class 502',376),(503,'Class 503',250),(504,'Class 504',341),(505,'Class 505',97),(506,'Class 506',471),(507,'Class 507',365),(508,'Class 508',287),(509,'Class 509',408),(510,'Class 510',501);
/*!40000 ALTER TABLE `classes` ENABLE KEYS */;
UNLOCK TABLES;

--
-- Table structure for table `classperformance`
--

DROP TABLE IF EXISTS `classperformance`;
/*!40101 SET @saved_cs_client     = @@character_set_client */;
/*!50503 SET character_set_client = utf8mb4 */;
CREATE TABLE `classperformance` (
  `ClassID` int NOT NULL,
  `TotalGrades` int DEFAULT '0',
  `AverageScore` decimal(5,2) DEFAULT '0.00',
  PRIMARY KEY (`ClassID`),
  CONSTRAINT `classperformance_ibfk_1` FOREIGN KEY (`ClassID`) REFERENCES `classes` (`ClassID`)
) ENGINE=InnoDB DEFAULT CHARSET=utf8mb4 COLLATE=utf8mb4_0900_ai_ci;
/*!40101 SET character_set_client = @saved_cs_client */;

--
-- Dumping data for table `classperformance`
--

LOCK TABLES `classperformance` WRITE;
/*!40000 ALTER TABLE `classperformance` DISABLE KEYS */;
INSERT INTO `classperformance` VALUES (1,4,7.75),(2,3,5.83),(3,2,8.50),(4,1,8.50),(5,0,0.00);
/*!40000 ALTER TABLE `classperformance` ENABLE KEYS */;
UNLOCK TABLES;

--
-- Table structure for table `grade_logs`
--

DROP TABLE IF EXISTS `grade_logs`;
/*!40101 SET @saved_cs_client     = @@character_set_client */;
/*!50503 SET character_set_client = utf8mb4 */;
CREATE TABLE `grade_logs` (
  `LogID` int NOT NULL AUTO_INCREMENT,
  `StudentID` int DEFAULT NULL,
  `SubjectID` int DEFAULT NULL,
  `Action` varchar(50) DEFAULT NULL,
  `LogTime` datetime DEFAULT CURRENT_TIMESTAMP,
  PRIMARY KEY (`LogID`)
) ENGINE=InnoDB AUTO_INCREMENT=514 DEFAULT CHARSET=utf8mb4 COLLATE=utf8mb4_0900_ai_ci;
/*!40101 SET character_set_client = @saved_cs_client */;

--
-- Dumping data for table `grade_logs`
--

LOCK TABLES `grade_logs` WRITE;
/*!40000 ALTER TABLE `grade_logs` DISABLE KEYS */;
INSERT INTO `grade_logs` VALUES (1,150,28,'Inserted New Grade','2026-05-05 09:47:58'),(2,1,10,'Inserted New Grade','2026-05-05 09:52:06'),(3,170,1,'Inserted New Grade','2026-05-05 09:52:19'),(4,202,54,'Inserted New Grade','2026-05-05 11:21:05'),(5,465,441,'Inserted New Grade','2026-05-05 11:21:05'),(6,447,115,'Inserted New Grade','2026-05-05 11:21:05'),(7,406,256,'Inserted New Grade','2026-05-05 11:21:05'),(8,430,368,'Inserted New Grade','2026-05-05 11:21:05'),(9,269,506,'Inserted New Grade','2026-05-05 11:21:05'),(10,109,24,'Inserted New Grade','2026-05-05 11:21:05'),(11,12,234,'Inserted New Grade','2026-05-05 11:21:05'),(12,498,245,'Inserted New Grade','2026-05-05 11:21:05'),(13,105,179,'Inserted New Grade','2026-05-05 11:21:05'),(14,273,431,'Inserted New Grade','2026-05-05 11:21:05'),(15,473,261,'Inserted New Grade','2026-05-05 11:21:05'),(16,435,128,'Inserted New Grade','2026-05-05 11:21:05'),(17,231,500,'Inserted New Grade','2026-05-05 11:21:05'),(18,124,470,'Inserted New Grade','2026-05-05 11:21:05'),(19,155,226,'Inserted New Grade','2026-05-05 11:21:05'),(20,179,423,'Inserted New Grade','2026-05-05 11:21:05'),(21,240,103,'Inserted New Grade','2026-05-05 11:21:05'),(22,446,351,'Inserted New Grade','2026-05-05 11:21:05'),(23,371,187,'Inserted New Grade','2026-05-05 11:21:05'),(24,417,197,'Inserted New Grade','2026-05-05 11:21:05'),(25,466,161,'Inserted New Grade','2026-05-05 11:21:05'),(26,99,63,'Inserted New Grade','2026-05-05 11:21:05'),(27,414,254,'Inserted New Grade','2026-05-05 11:21:05'),(28,365,299,'Inserted New Grade','2026-05-05 11:21:05'),(29,13,20,'Inserted New Grade','2026-05-05 11:21:05'),(30,300,119,'Inserted New Grade','2026-05-05 11:21:05'),(31,251,243,'Inserted New Grade','2026-05-05 11:21:05'),(32,125,162,'Inserted New Grade','2026-05-05 11:21:05'),(33,387,191,'Inserted New Grade','2026-05-05 11:21:05'),(34,327,196,'Inserted New Grade','2026-05-05 11:21:05'),(35,420,134,'Inserted New Grade','2026-05-05 11:21:05'),(36,368,309,'Inserted New Grade','2026-05-05 11:21:05'),(37,308,245,'Inserted New Grade','2026-05-05 11:21:05'),(38,281,315,'Inserted New Grade','2026-05-05 11:21:05'),(39,147,420,'Inserted New Grade','2026-05-05 11:21:05'),(40,82,310,'Inserted New Grade','2026-05-05 11:21:05'),(41,254,82,'Inserted New Grade','2026-05-05 11:21:05'),(42,58,305,'Inserted New Grade','2026-05-05 11:21:05'),(43,80,287,'Inserted New Grade','2026-05-05 11:21:05'),(44,253,206,'Inserted New Grade','2026-05-05 11:21:05'),(45,280,383,'Inserted New Grade','2026-05-05 11:21:05'),(46,447,233,'Inserted New Grade','2026-05-05 11:21:05'),(47,372,459,'Inserted New Grade','2026-05-05 11:21:05'),(48,115,281,'Inserted New Grade','2026-05-05 11:21:05'),(49,248,478,'Inserted New Grade','2026-05-05 11:21:05'),(50,176,112,'Inserted New Grade','2026-05-05 11:21:05'),(51,411,462,'Inserted New Grade','2026-05-05 11:21:05'),(52,358,348,'Inserted New Grade','2026-05-05 11:21:05'),(53,136,106,'Inserted New Grade','2026-05-05 11:21:05'),(54,17,174,'Inserted New Grade','2026-05-05 11:21:05'),(55,499,404,'Inserted New Grade','2026-05-05 11:21:05'),(56,411,138,'Inserted New Grade','2026-05-05 11:21:05'),(57,198,361,'Inserted New Grade','2026-05-05 11:21:05'),(58,505,509,'Inserted New Grade','2026-05-05 11:21:05'),(59,338,126,'Inserted New Grade','2026-05-05 11:21:05'),(60,505,147,'Inserted New Grade','2026-05-05 11:21:05'),(61,123,411,'Inserted New Grade','2026-05-05 11:21:05'),(62,6,436,'Inserted New Grade','2026-05-05 11:21:05'),(63,48,69,'Inserted New Grade','2026-05-05 11:21:05'),(64,333,80,'Inserted New Grade','2026-05-05 11:21:05'),(65,50,190,'Inserted New Grade','2026-05-05 11:21:05'),(66,380,451,'Inserted New Grade','2026-05-05 11:21:05'),(67,252,45,'Inserted New Grade','2026-05-05 11:21:05'),(68,203,203,'Inserted New Grade','2026-05-05 11:21:05'),(69,201,176,'Inserted New Grade','2026-05-05 11:21:05'),(70,274,447,'Inserted New Grade','2026-05-05 11:21:05'),(71,351,391,'Inserted New Grade','2026-05-05 11:21:05'),(72,216,437,'Inserted New Grade','2026-05-05 11:21:05'),(73,383,153,'Inserted New Grade','2026-05-05 11:21:05'),(74,198,493,'Inserted New Grade','2026-05-05 11:21:05'),(75,277,383,'Inserted New Grade','2026-05-05 11:21:05'),(76,233,330,'Inserted New Grade','2026-05-05 11:21:05'),(77,45,484,'Inserted New Grade','2026-05-05 11:21:05'),(78,97,366,'Inserted New Grade','2026-05-05 11:21:05'),(79,28,496,'Inserted New Grade','2026-05-05 11:21:05'),(80,15,363,'Inserted New Grade','2026-05-05 11:21:05'),(81,110,380,'Inserted New Grade','2026-05-05 11:21:05'),(82,476,251,'Inserted New Grade','2026-05-05 11:21:05'),(83,81,229,'Inserted New Grade','2026-05-05 11:21:05'),(84,167,373,'Inserted New Grade','2026-05-05 11:21:05'),(85,240,432,'Inserted New Grade','2026-05-05 11:21:05'),(86,59,284,'Inserted New Grade','2026-05-05 11:21:05'),(87,89,493,'Inserted New Grade','2026-05-05 11:21:05'),(88,328,40,'Inserted New Grade','2026-05-05 11:21:05'),(89,208,422,'Inserted New Grade','2026-05-05 11:21:05'),(90,248,423,'Inserted New Grade','2026-05-05 11:21:05'),(91,44,42,'Inserted New Grade','2026-05-05 11:21:05'),(92,97,91,'Inserted New Grade','2026-05-05 11:21:05'),(93,191,370,'Inserted New Grade','2026-05-05 11:21:05'),(94,363,380,'Inserted New Grade','2026-05-05 11:21:05'),(95,462,476,'Inserted New Grade','2026-05-05 11:21:05'),(96,285,437,'Inserted New Grade','2026-05-05 11:21:05'),(97,472,188,'Inserted New Grade','2026-05-05 11:21:05'),(98,355,97,'Inserted New Grade','2026-05-05 11:21:05'),(99,24,294,'Inserted New Grade','2026-05-05 11:21:05'),(100,6,87,'Inserted New Grade','2026-05-05 11:21:05'),(101,324,83,'Inserted New Grade','2026-05-05 11:21:05'),(102,495,37,'Inserted New Grade','2026-05-05 11:21:05'),(103,509,458,'Inserted New Grade','2026-05-05 11:21:05'),(104,24,112,'Inserted New Grade','2026-05-05 11:21:05'),(105,38,181,'Inserted New Grade','2026-05-05 11:21:05'),(106,254,494,'Inserted New Grade','2026-05-05 11:21:05'),(107,456,504,'Inserted New Grade','2026-05-05 11:21:05'),(108,174,282,'Inserted New Grade','2026-05-05 11:21:05'),(109,434,328,'Inserted New Grade','2026-05-05 11:21:05'),(110,223,303,'Inserted New Grade','2026-05-05 11:21:05'),(111,406,41,'Inserted New Grade','2026-05-05 11:21:05'),(112,476,283,'Inserted New Grade','2026-05-05 11:21:05'),(113,489,215,'Inserted New Grade','2026-05-05 11:21:05'),(114,410,184,'Inserted New Grade','2026-05-05 11:21:05'),(115,400,352,'Inserted New Grade','2026-05-05 11:21:05'),(116,397,278,'Inserted New Grade','2026-05-05 11:21:05'),(117,479,388,'Inserted New Grade','2026-05-05 11:21:05'),(118,444,326,'Inserted New Grade','2026-05-05 11:21:05'),(119,393,149,'Inserted New Grade','2026-05-05 11:21:05'),(120,418,236,'Inserted New Grade','2026-05-05 11:21:05'),(121,172,406,'Inserted New Grade','2026-05-05 11:21:05'),(122,342,64,'Inserted New Grade','2026-05-05 11:21:05'),(123,422,483,'Inserted New Grade','2026-05-05 11:21:05'),(124,142,78,'Inserted New Grade','2026-05-05 11:21:05'),(125,178,478,'Inserted New Grade','2026-05-05 11:21:05'),(126,441,424,'Inserted New Grade','2026-05-05 11:21:05'),(127,472,371,'Inserted New Grade','2026-05-05 11:21:05'),(128,335,101,'Inserted New Grade','2026-05-05 11:21:05'),(129,196,60,'Inserted New Grade','2026-05-05 11:21:05'),(130,100,87,'Inserted New Grade','2026-05-05 11:21:05'),(131,335,230,'Inserted New Grade','2026-05-05 11:21:05'),(132,310,27,'Inserted New Grade','2026-05-05 11:21:05'),(133,48,317,'Inserted New Grade','2026-05-05 11:21:05'),(134,398,391,'Inserted New Grade','2026-05-05 11:21:05'),(135,440,141,'Inserted New Grade','2026-05-05 11:21:05'),(136,495,145,'Inserted New Grade','2026-05-05 11:21:05'),(137,210,107,'Inserted New Grade','2026-05-05 11:21:05'),(138,184,318,'Inserted New Grade','2026-05-05 11:21:05'),(139,196,341,'Inserted New Grade','2026-05-05 11:21:05'),(140,338,390,'Inserted New Grade','2026-05-05 11:21:05'),(141,107,247,'Inserted New Grade','2026-05-05 11:21:05'),(142,230,236,'Inserted New Grade','2026-05-05 11:21:05'),(143,385,353,'Inserted New Grade','2026-05-05 11:21:05'),(144,131,478,'Inserted New Grade','2026-05-05 11:21:05'),(145,490,313,'Inserted New Grade','2026-05-05 11:21:05'),(146,117,348,'Inserted New Grade','2026-05-05 11:21:05'),(147,354,481,'Inserted New Grade','2026-05-05 11:21:05'),(148,46,56,'Inserted New Grade','2026-05-05 11:21:05'),(149,326,88,'Inserted New Grade','2026-05-05 11:21:05'),(150,222,32,'Inserted New Grade','2026-05-05 11:21:05'),(151,477,423,'Inserted New Grade','2026-05-05 11:21:05'),(152,8,442,'Inserted New Grade','2026-05-05 11:21:05'),(153,168,282,'Inserted New Grade','2026-05-05 11:21:05'),(154,217,424,'Inserted New Grade','2026-05-05 11:21:05'),(155,198,123,'Inserted New Grade','2026-05-05 11:21:05'),(156,130,404,'Inserted New Grade','2026-05-05 11:21:05'),(157,159,152,'Inserted New Grade','2026-05-05 11:21:05'),(158,433,262,'Inserted New Grade','2026-05-05 11:21:05'),(159,31,502,'Inserted New Grade','2026-05-05 11:21:05'),(160,177,87,'Inserted New Grade','2026-05-05 11:21:05'),(161,470,268,'Inserted New Grade','2026-05-05 11:21:05'),(162,489,129,'Inserted New Grade','2026-05-05 11:21:05'),(163,279,221,'Inserted New Grade','2026-05-05 11:21:05'),(164,189,243,'Inserted New Grade','2026-05-05 11:21:05'),(165,496,185,'Inserted New Grade','2026-05-05 11:21:05'),(166,271,325,'Inserted New Grade','2026-05-05 11:21:05'),(167,457,442,'Inserted New Grade','2026-05-05 11:21:05'),(168,400,483,'Inserted New Grade','2026-05-05 11:21:05'),(169,424,36,'Inserted New Grade','2026-05-05 11:21:05'),(170,194,32,'Inserted New Grade','2026-05-05 11:21:05'),(171,499,445,'Inserted New Grade','2026-05-05 11:21:05'),(172,199,281,'Inserted New Grade','2026-05-05 11:21:05'),(173,229,338,'Inserted New Grade','2026-05-05 11:21:05'),(174,326,299,'Inserted New Grade','2026-05-05 11:21:05'),(175,60,388,'Inserted New Grade','2026-05-05 11:21:05'),(176,380,380,'Inserted New Grade','2026-05-05 11:21:05'),(177,159,210,'Inserted New Grade','2026-05-05 11:21:05'),(178,257,48,'Inserted New Grade','2026-05-05 11:21:05'),(179,335,157,'Inserted New Grade','2026-05-05 11:21:05'),(180,93,221,'Inserted New Grade','2026-05-05 11:21:05'),(181,280,496,'Inserted New Grade','2026-05-05 11:21:05'),(182,6,328,'Inserted New Grade','2026-05-05 11:21:05'),(183,26,223,'Inserted New Grade','2026-05-05 11:21:05'),(184,382,109,'Inserted New Grade','2026-05-05 11:21:05'),(185,73,493,'Inserted New Grade','2026-05-05 11:21:05'),(186,200,248,'Inserted New Grade','2026-05-05 11:21:05'),(187,384,8,'Inserted New Grade','2026-05-05 11:21:05'),(188,274,91,'Inserted New Grade','2026-05-05 11:21:05'),(189,57,265,'Inserted New Grade','2026-05-05 11:21:05'),(190,226,104,'Inserted New Grade','2026-05-05 11:21:05'),(191,79,384,'Inserted New Grade','2026-05-05 11:21:05'),(192,447,467,'Inserted New Grade','2026-05-05 11:21:05'),(193,444,396,'Inserted New Grade','2026-05-05 11:21:05'),(194,256,87,'Inserted New Grade','2026-05-05 11:21:05'),(195,323,320,'Inserted New Grade','2026-05-05 11:21:05'),(196,55,463,'Inserted New Grade','2026-05-05 11:21:05'),(197,466,100,'Inserted New Grade','2026-05-05 11:21:05'),(198,388,502,'Inserted New Grade','2026-05-05 11:21:05'),(199,247,94,'Inserted New Grade','2026-05-05 11:21:05'),(200,128,260,'Inserted New Grade','2026-05-05 11:21:05'),(201,244,494,'Inserted New Grade','2026-05-05 11:21:05'),(202,39,298,'Inserted New Grade','2026-05-05 11:21:05'),(203,340,423,'Inserted New Grade','2026-05-05 11:21:05'),(204,2,65,'Inserted New Grade','2026-05-05 11:21:05'),(205,211,431,'Inserted New Grade','2026-05-05 11:21:05'),(206,146,252,'Inserted New Grade','2026-05-05 11:21:05'),(207,10,254,'Inserted New Grade','2026-05-05 11:21:05'),(208,131,238,'Inserted New Grade','2026-05-05 11:21:05'),(209,92,365,'Inserted New Grade','2026-05-05 11:21:05'),(210,270,320,'Inserted New Grade','2026-05-05 11:21:05'),(211,140,2,'Inserted New Grade','2026-05-05 11:21:05'),(212,130,369,'Inserted New Grade','2026-05-05 11:21:05'),(213,386,389,'Inserted New Grade','2026-05-05 11:21:05'),(214,175,188,'Inserted New Grade','2026-05-05 11:21:05'),(215,388,300,'Inserted New Grade','2026-05-05 11:21:05'),(216,73,323,'Inserted New Grade','2026-05-05 11:21:05'),(217,445,457,'Inserted New Grade','2026-05-05 11:21:05'),(218,79,327,'Inserted New Grade','2026-05-05 11:21:05'),(219,448,286,'Inserted New Grade','2026-05-05 11:21:05'),(220,387,175,'Inserted New Grade','2026-05-05 11:21:05'),(221,135,99,'Inserted New Grade','2026-05-05 11:21:05'),(222,256,297,'Inserted New Grade','2026-05-05 11:21:05'),(223,500,484,'Inserted New Grade','2026-05-05 11:21:05'),(224,30,305,'Inserted New Grade','2026-05-05 11:21:05'),(225,38,495,'Inserted New Grade','2026-05-05 11:21:05'),(226,85,489,'Inserted New Grade','2026-05-05 11:21:05'),(227,3,286,'Inserted New Grade','2026-05-05 11:21:05'),(228,45,131,'Inserted New Grade','2026-05-05 11:21:05'),(229,7,156,'Inserted New Grade','2026-05-05 11:21:05'),(230,448,275,'Inserted New Grade','2026-05-05 11:21:05'),(231,307,119,'Inserted New Grade','2026-05-05 11:21:05'),(232,350,78,'Inserted New Grade','2026-05-05 11:21:05'),(233,211,169,'Inserted New Grade','2026-05-05 11:21:05'),(234,26,333,'Inserted New Grade','2026-05-05 11:21:05'),(235,125,335,'Inserted New Grade','2026-05-05 11:21:05'),(236,246,78,'Inserted New Grade','2026-05-05 11:21:05'),(237,472,93,'Inserted New Grade','2026-05-05 11:21:05'),(238,300,249,'Inserted New Grade','2026-05-05 11:21:05'),(239,126,122,'Inserted New Grade','2026-05-05 11:21:05'),(240,431,116,'Inserted New Grade','2026-05-05 11:21:05'),(241,362,67,'Inserted New Grade','2026-05-05 11:21:05'),(242,382,358,'Inserted New Grade','2026-05-05 11:21:05'),(243,97,422,'Inserted New Grade','2026-05-05 11:21:05'),(244,40,151,'Inserted New Grade','2026-05-05 11:21:05'),(245,132,24,'Inserted New Grade','2026-05-05 11:21:05'),(246,440,45,'Inserted New Grade','2026-05-05 11:21:05'),(247,73,492,'Inserted New Grade','2026-05-05 11:21:05'),(248,363,85,'Inserted New Grade','2026-05-05 11:21:05'),(249,411,76,'Inserted New Grade','2026-05-05 11:21:05'),(250,253,401,'Inserted New Grade','2026-05-05 11:21:05'),(251,167,60,'Inserted New Grade','2026-05-05 11:21:05'),(252,450,46,'Inserted New Grade','2026-05-05 11:21:05'),(253,60,248,'Inserted New Grade','2026-05-05 11:21:05'),(254,169,102,'Inserted New Grade','2026-05-05 11:21:05'),(255,406,497,'Inserted New Grade','2026-05-05 11:21:05'),(256,127,280,'Inserted New Grade','2026-05-05 11:21:05'),(257,368,430,'Inserted New Grade','2026-05-05 11:21:05'),(258,348,410,'Inserted New Grade','2026-05-05 11:21:05'),(259,240,421,'Inserted New Grade','2026-05-05 11:21:05'),(260,318,504,'Inserted New Grade','2026-05-05 11:21:05'),(261,353,489,'Inserted New Grade','2026-05-05 11:21:05'),(262,105,447,'Inserted New Grade','2026-05-05 11:21:05'),(263,140,198,'Inserted New Grade','2026-05-05 11:21:05'),(264,46,200,'Inserted New Grade','2026-05-05 11:21:05'),(265,157,17,'Inserted New Grade','2026-05-05 11:21:05'),(266,380,206,'Inserted New Grade','2026-05-05 11:21:05'),(267,460,475,'Inserted New Grade','2026-05-05 11:21:05'),(268,500,463,'Inserted New Grade','2026-05-05 11:21:05'),(269,467,329,'Inserted New Grade','2026-05-05 11:21:05'),(270,367,397,'Inserted New Grade','2026-05-05 11:21:05'),(271,231,82,'Inserted New Grade','2026-05-05 11:21:05'),(272,262,79,'Inserted New Grade','2026-05-05 11:21:05'),(273,115,238,'Inserted New Grade','2026-05-05 11:21:05'),(274,151,70,'Inserted New Grade','2026-05-05 11:21:05'),(275,208,424,'Inserted New Grade','2026-05-05 11:21:05'),(276,452,53,'Inserted New Grade','2026-05-05 11:21:05'),(277,445,84,'Inserted New Grade','2026-05-05 11:21:05'),(278,412,299,'Inserted New Grade','2026-05-05 11:21:05'),(279,263,282,'Inserted New Grade','2026-05-05 11:21:05'),(280,191,260,'Inserted New Grade','2026-05-05 11:21:05'),(281,246,53,'Inserted New Grade','2026-05-05 11:21:05'),(282,74,144,'Inserted New Grade','2026-05-05 11:21:05'),(283,348,242,'Inserted New Grade','2026-05-05 11:21:05'),(284,127,61,'Inserted New Grade','2026-05-05 11:21:05'),(285,128,327,'Inserted New Grade','2026-05-05 11:21:05'),(286,402,170,'Inserted New Grade','2026-05-05 11:21:05'),(287,432,292,'Inserted New Grade','2026-05-05 11:21:05'),(288,257,169,'Inserted New Grade','2026-05-05 11:21:05'),(289,315,309,'Inserted New Grade','2026-05-05 11:21:05'),(290,114,204,'Inserted New Grade','2026-05-05 11:21:05'),(291,316,236,'Inserted New Grade','2026-05-05 11:21:05'),(292,84,329,'Inserted New Grade','2026-05-05 11:21:05'),(293,94,146,'Inserted New Grade','2026-05-05 11:21:05'),(294,154,454,'Inserted New Grade','2026-05-05 11:21:05'),(295,288,498,'Inserted New Grade','2026-05-05 11:21:05'),(296,96,83,'Inserted New Grade','2026-05-05 11:21:05'),(297,484,166,'Inserted New Grade','2026-05-05 11:21:05'),(298,268,379,'Inserted New Grade','2026-05-05 11:21:05'),(299,183,335,'Inserted New Grade','2026-05-05 11:21:05'),(300,244,370,'Inserted New Grade','2026-05-05 11:21:05'),(301,212,271,'Inserted New Grade','2026-05-05 11:21:05'),(302,502,159,'Inserted New Grade','2026-05-05 11:21:05'),(303,384,385,'Inserted New Grade','2026-05-05 11:21:05'),(304,309,6,'Inserted New Grade','2026-05-05 11:21:05'),(305,48,380,'Inserted New Grade','2026-05-05 11:21:05'),(306,20,454,'Inserted New Grade','2026-05-05 11:21:05'),(307,325,367,'Inserted New Grade','2026-05-05 11:21:05'),(308,477,188,'Inserted New Grade','2026-05-05 11:21:05'),(309,177,76,'Inserted New Grade','2026-05-05 11:21:05'),(310,400,163,'Inserted New Grade','2026-05-05 11:21:05'),(311,28,229,'Inserted New Grade','2026-05-05 11:21:05'),(312,450,483,'Inserted New Grade','2026-05-05 11:21:05'),(313,290,255,'Inserted New Grade','2026-05-05 11:21:05'),(314,310,163,'Inserted New Grade','2026-05-05 11:21:05'),(315,467,149,'Inserted New Grade','2026-05-05 11:21:05'),(316,396,278,'Inserted New Grade','2026-05-05 11:21:05'),(317,421,448,'Inserted New Grade','2026-05-05 11:21:05'),(318,378,227,'Inserted New Grade','2026-05-05 11:21:05'),(319,256,504,'Inserted New Grade','2026-05-05 11:21:05'),(320,270,266,'Inserted New Grade','2026-05-05 11:21:05'),(321,496,122,'Inserted New Grade','2026-05-05 11:21:05'),(322,195,367,'Inserted New Grade','2026-05-05 11:21:05'),(323,104,285,'Inserted New Grade','2026-05-05 11:21:05'),(324,404,387,'Inserted New Grade','2026-05-05 11:21:05'),(325,487,10,'Inserted New Grade','2026-05-05 11:21:05'),(326,482,63,'Inserted New Grade','2026-05-05 11:21:05'),(327,307,142,'Inserted New Grade','2026-05-05 11:21:05'),(328,162,298,'Inserted New Grade','2026-05-05 11:21:05'),(329,299,26,'Inserted New Grade','2026-05-05 11:21:05'),(330,432,400,'Inserted New Grade','2026-05-05 11:21:05'),(331,478,407,'Inserted New Grade','2026-05-05 11:21:05'),(332,467,238,'Inserted New Grade','2026-05-05 11:21:05'),(333,86,350,'Inserted New Grade','2026-05-05 11:21:05'),(334,82,24,'Inserted New Grade','2026-05-05 11:21:05'),(335,195,183,'Inserted New Grade','2026-05-05 11:21:05'),(336,166,424,'Inserted New Grade','2026-05-05 11:21:05'),(337,138,415,'Inserted New Grade','2026-05-05 11:21:05'),(338,486,189,'Inserted New Grade','2026-05-05 11:21:05'),(339,253,224,'Inserted New Grade','2026-05-05 11:21:05'),(340,461,22,'Inserted New Grade','2026-05-05 11:21:05'),(341,41,338,'Inserted New Grade','2026-05-05 11:21:05'),(342,104,199,'Inserted New Grade','2026-05-05 11:21:05'),(343,228,131,'Inserted New Grade','2026-05-05 11:21:05'),(344,117,44,'Inserted New Grade','2026-05-05 11:21:05'),(345,241,139,'Inserted New Grade','2026-05-05 11:21:05'),(346,284,458,'Inserted New Grade','2026-05-05 11:21:05'),(347,390,205,'Inserted New Grade','2026-05-05 11:21:05'),(348,77,267,'Inserted New Grade','2026-05-05 11:21:05'),(349,242,307,'Inserted New Grade','2026-05-05 11:21:05'),(350,27,392,'Inserted New Grade','2026-05-05 11:21:05'),(351,496,377,'Inserted New Grade','2026-05-05 11:21:05'),(352,196,129,'Inserted New Grade','2026-05-05 11:21:05'),(353,210,134,'Inserted New Grade','2026-05-05 11:21:05'),(354,311,489,'Inserted New Grade','2026-05-05 11:21:05'),(355,228,190,'Inserted New Grade','2026-05-05 11:21:05'),(356,473,7,'Inserted New Grade','2026-05-05 11:21:05'),(357,153,481,'Inserted New Grade','2026-05-05 11:21:05'),(358,186,324,'Inserted New Grade','2026-05-05 11:21:05'),(359,1,262,'Inserted New Grade','2026-05-05 11:21:05'),(360,379,36,'Inserted New Grade','2026-05-05 11:21:05'),(361,93,268,'Inserted New Grade','2026-05-05 11:21:05'),(362,263,10,'Inserted New Grade','2026-05-05 11:21:05'),(363,25,102,'Inserted New Grade','2026-05-05 11:21:05'),(364,59,51,'Inserted New Grade','2026-05-05 11:21:05'),(365,465,343,'Inserted New Grade','2026-05-05 11:21:05'),(366,332,165,'Inserted New Grade','2026-05-05 11:21:05'),(367,44,402,'Inserted New Grade','2026-05-05 11:21:05'),(368,478,344,'Inserted New Grade','2026-05-05 11:21:05'),(369,299,407,'Inserted New Grade','2026-05-05 11:21:05'),(370,505,260,'Inserted New Grade','2026-05-05 11:21:05'),(371,261,169,'Inserted New Grade','2026-05-05 11:21:05'),(372,156,38,'Inserted New Grade','2026-05-05 11:21:05'),(373,141,76,'Inserted New Grade','2026-05-05 11:21:05'),(374,425,321,'Inserted New Grade','2026-05-05 11:21:05'),(375,460,318,'Inserted New Grade','2026-05-05 11:21:05'),(376,205,494,'Inserted New Grade','2026-05-05 11:21:05'),(377,415,398,'Inserted New Grade','2026-05-05 11:21:05'),(378,269,317,'Inserted New Grade','2026-05-05 11:21:05'),(379,277,254,'Inserted New Grade','2026-05-05 11:21:05'),(380,99,5,'Inserted New Grade','2026-05-05 11:21:05'),(381,209,160,'Inserted New Grade','2026-05-05 11:21:05'),(382,385,188,'Inserted New Grade','2026-05-05 11:21:05'),(383,232,427,'Inserted New Grade','2026-05-05 11:21:05'),(384,58,115,'Inserted New Grade','2026-05-05 11:21:05'),(385,397,104,'Inserted New Grade','2026-05-05 11:21:05'),(386,99,101,'Inserted New Grade','2026-05-05 11:21:05'),(387,455,164,'Inserted New Grade','2026-05-05 11:21:05'),(388,419,152,'Inserted New Grade','2026-05-05 11:21:05'),(389,24,494,'Inserted New Grade','2026-05-05 11:21:05'),(390,180,55,'Inserted New Grade','2026-05-05 11:21:05'),(391,293,113,'Inserted New Grade','2026-05-05 11:21:05'),(392,74,145,'Inserted New Grade','2026-05-05 11:21:05'),(393,129,115,'Inserted New Grade','2026-05-05 11:21:05'),(394,455,373,'Inserted New Grade','2026-05-05 11:21:05'),(395,22,369,'Inserted New Grade','2026-05-05 11:21:05'),(396,155,233,'Inserted New Grade','2026-05-05 11:21:05'),(397,360,442,'Inserted New Grade','2026-05-05 11:21:05'),(398,427,191,'Inserted New Grade','2026-05-05 11:21:05'),(399,390,229,'Inserted New Grade','2026-05-05 11:21:05'),(400,160,16,'Inserted New Grade','2026-05-05 11:21:05'),(401,58,340,'Inserted New Grade','2026-05-05 11:21:05'),(402,343,65,'Inserted New Grade','2026-05-05 11:21:05'),(403,329,144,'Inserted New Grade','2026-05-05 11:21:05'),(404,171,159,'Inserted New Grade','2026-05-05 11:21:05'),(405,314,5,'Inserted New Grade','2026-05-05 11:21:05'),(406,266,507,'Inserted New Grade','2026-05-05 11:21:05'),(407,145,485,'Inserted New Grade','2026-05-05 11:21:05'),(408,504,118,'Inserted New Grade','2026-05-05 11:21:05'),(409,170,419,'Inserted New Grade','2026-05-05 11:21:05'),(410,323,85,'Inserted New Grade','2026-05-05 11:21:05'),(411,443,128,'Inserted New Grade','2026-05-05 11:21:05'),(412,176,181,'Inserted New Grade','2026-05-05 11:21:05'),(413,83,240,'Inserted New Grade','2026-05-05 11:21:05'),(414,429,446,'Inserted New Grade','2026-05-05 11:21:05'),(415,124,219,'Inserted New Grade','2026-05-05 11:21:05'),(416,398,98,'Inserted New Grade','2026-05-05 11:21:05'),(417,334,8,'Inserted New Grade','2026-05-05 11:21:05'),(418,146,476,'Inserted New Grade','2026-05-05 11:21:05'),(419,425,87,'Inserted New Grade','2026-05-05 11:21:05'),(420,139,417,'Inserted New Grade','2026-05-05 11:21:05'),(421,143,133,'Inserted New Grade','2026-05-05 11:21:05'),(422,178,333,'Inserted New Grade','2026-05-05 11:21:05'),(423,442,306,'Inserted New Grade','2026-05-05 11:21:05'),(424,80,138,'Inserted New Grade','2026-05-05 11:21:05'),(425,102,107,'Inserted New Grade','2026-05-05 11:21:05'),(426,103,378,'Inserted New Grade','2026-05-05 11:21:05'),(427,26,193,'Inserted New Grade','2026-05-05 11:21:05'),(428,481,179,'Inserted New Grade','2026-05-05 11:21:05'),(429,71,228,'Inserted New Grade','2026-05-05 11:21:05'),(430,476,190,'Inserted New Grade','2026-05-05 11:21:05'),(431,467,207,'Inserted New Grade','2026-05-05 11:21:05'),(432,183,82,'Inserted New Grade','2026-05-05 11:21:05'),(433,12,427,'Inserted New Grade','2026-05-05 11:21:05'),(434,67,298,'Inserted New Grade','2026-05-05 11:21:05'),(435,29,40,'Inserted New Grade','2026-05-05 11:21:05'),(436,265,375,'Inserted New Grade','2026-05-05 11:21:05'),(437,136,179,'Inserted New Grade','2026-05-05 11:21:05'),(438,464,6,'Inserted New Grade','2026-05-05 11:21:05'),(439,47,11,'Inserted New Grade','2026-05-05 11:21:05'),(440,147,305,'Inserted New Grade','2026-05-05 11:21:05'),(441,510,419,'Inserted New Grade','2026-05-05 11:21:05'),(442,116,211,'Inserted New Grade','2026-05-05 11:21:05'),(443,16,330,'Inserted New Grade','2026-05-05 11:21:05'),(444,440,330,'Inserted New Grade','2026-05-05 11:21:05'),(445,299,17,'Inserted New Grade','2026-05-05 11:21:05'),(446,226,253,'Inserted New Grade','2026-05-05 11:21:05'),(447,209,329,'Inserted New Grade','2026-05-05 11:21:05'),(448,335,409,'Inserted New Grade','2026-05-05 11:21:05'),(449,460,360,'Inserted New Grade','2026-05-05 11:21:05'),(450,232,260,'Inserted New Grade','2026-05-05 11:21:05'),(451,227,137,'Inserted New Grade','2026-05-05 11:21:05'),(452,204,24,'Inserted New Grade','2026-05-05 11:21:05'),(453,75,393,'Inserted New Grade','2026-05-05 11:21:05'),(454,78,479,'Inserted New Grade','2026-05-05 11:21:05'),(455,306,502,'Inserted New Grade','2026-05-05 11:21:05'),(456,99,116,'Inserted New Grade','2026-05-05 11:21:05'),(457,447,272,'Inserted New Grade','2026-05-05 11:21:05'),(458,191,116,'Inserted New Grade','2026-05-05 11:21:05'),(459,506,389,'Inserted New Grade','2026-05-05 11:21:05'),(460,244,11,'Inserted New Grade','2026-05-05 11:21:05'),(461,119,368,'Inserted New Grade','2026-05-05 11:21:05'),(462,92,68,'Inserted New Grade','2026-05-05 11:21:05'),(463,241,470,'Inserted New Grade','2026-05-05 11:21:05'),(464,174,197,'Inserted New Grade','2026-05-05 11:21:05'),(465,458,216,'Inserted New Grade','2026-05-05 11:21:05'),(466,137,178,'Inserted New Grade','2026-05-05 11:21:05'),(467,139,446,'Inserted New Grade','2026-05-05 11:21:05'),(468,253,233,'Inserted New Grade','2026-05-05 11:21:05'),(469,303,293,'Inserted New Grade','2026-05-05 11:21:05'),(470,241,213,'Inserted New Grade','2026-05-05 11:21:05'),(471,246,241,'Inserted New Grade','2026-05-05 11:21:05'),(472,92,151,'Inserted New Grade','2026-05-05 11:21:05'),(473,510,209,'Inserted New Grade','2026-05-05 11:21:05'),(474,403,473,'Inserted New Grade','2026-05-05 11:21:05'),(475,406,161,'Inserted New Grade','2026-05-05 11:21:05'),(476,157,64,'Inserted New Grade','2026-05-05 11:21:05'),(477,437,239,'Inserted New Grade','2026-05-05 11:21:05'),(478,506,200,'Inserted New Grade','2026-05-05 11:21:05'),(479,223,57,'Inserted New Grade','2026-05-05 11:21:05'),(480,28,179,'Inserted New Grade','2026-05-05 11:21:05'),(481,206,268,'Inserted New Grade','2026-05-05 11:21:05'),(482,499,41,'Inserted New Grade','2026-05-05 11:21:05'),(483,457,175,'Inserted New Grade','2026-05-05 11:21:05'),(484,98,350,'Inserted New Grade','2026-05-05 11:21:05'),(485,186,221,'Inserted New Grade','2026-05-05 11:21:05'),(486,42,454,'Inserted New Grade','2026-05-05 11:21:05'),(487,430,312,'Inserted New Grade','2026-05-05 11:21:05'),(488,238,439,'Inserted New Grade','2026-05-05 11:21:05'),(489,451,270,'Inserted New Grade','2026-05-05 11:21:05'),(490,92,148,'Inserted New Grade','2026-05-05 11:21:05'),(491,459,66,'Inserted New Grade','2026-05-05 11:21:05'),(492,416,267,'Inserted New Grade','2026-05-05 11:21:05'),(493,283,315,'Inserted New Grade','2026-05-05 11:21:05'),(494,358,334,'Inserted New Grade','2026-05-05 11:21:05'),(495,152,64,'Inserted New Grade','2026-05-05 11:21:05'),(496,224,109,'Inserted New Grade','2026-05-05 11:21:05'),(497,153,145,'Inserted New Grade','2026-05-05 11:21:05'),(498,60,201,'Inserted New Grade','2026-05-05 11:21:05'),(499,29,477,'Inserted New Grade','2026-05-05 11:21:05'),(500,331,504,'Inserted New Grade','2026-05-05 11:21:05'),(501,294,328,'Inserted New Grade','2026-05-05 11:21:05'),(502,84,506,'Inserted New Grade','2026-05-05 11:21:05'),(503,156,463,'Inserted New Grade','2026-05-05 11:21:05'),(504,130,351,'Inserted New Grade','2026-05-05 11:21:05'),(505,218,318,'Inserted New Grade','2026-05-05 11:21:05'),(506,335,249,'Inserted New Grade','2026-05-05 11:21:05'),(507,39,256,'Inserted New Grade','2026-05-05 11:21:05'),(508,440,177,'Inserted New Grade','2026-05-05 11:21:05'),(509,300,115,'Inserted New Grade','2026-05-05 11:21:05'),(510,257,84,'Inserted New Grade','2026-05-05 11:21:05'),(511,440,168,'Inserted New Grade','2026-05-05 11:21:05'),(512,91,323,'Inserted New Grade','2026-05-05 11:21:05'),(513,16,138,'Inserted New Grade','2026-05-05 11:21:05');
/*!40000 ALTER TABLE `grade_logs` ENABLE KEYS */;
UNLOCK TABLES;

--
-- Table structure for table `grades`
--

DROP TABLE IF EXISTS `grades`;
/*!40101 SET @saved_cs_client     = @@character_set_client */;
/*!50503 SET character_set_client = utf8mb4 */;
CREATE TABLE `grades` (
  `GradeID` int NOT NULL AUTO_INCREMENT,
  `StudentID` int DEFAULT NULL,
  `SubjectID` int DEFAULT NULL,
  `Score` decimal(5,2) DEFAULT NULL,
  PRIMARY KEY (`GradeID`),
  KEY `StudentID` (`StudentID`),
  KEY `SubjectID` (`SubjectID`),
  KEY `idx_grades_score` (`Score`),
  CONSTRAINT `grades_ibfk_1` FOREIGN KEY (`StudentID`) REFERENCES `students` (`StudentID`),
  CONSTRAINT `grades_ibfk_2` FOREIGN KEY (`SubjectID`) REFERENCES `subjects` (`SubjectID`)
) ENGINE=InnoDB AUTO_INCREMENT=511 DEFAULT CHARSET=utf8mb4 COLLATE=utf8mb4_0900_ai_ci;
/*!40101 SET character_set_client = @saved_cs_client */;

--
-- Dumping data for table `grades`
--

LOCK TABLES `grades` WRITE;
/*!40000 ALTER TABLE `grades` DISABLE KEYS */;
INSERT INTO `grades` VALUES (1,202,54,4.40),(2,465,441,9.80),(3,447,115,6.50),(4,406,256,8.40),(5,430,368,NULL),(6,269,506,8.20),(7,109,24,4.80),(8,12,234,7.50),(9,498,245,NULL),(10,105,179,6.50),(11,273,431,6.90),(12,473,261,NULL),(13,435,128,10.00),(14,231,500,7.00),(15,124,470,5.60),(16,155,226,7.50),(17,179,423,5.90),(18,240,103,NULL),(19,446,351,8.90),(20,371,187,10.00),(21,417,197,4.20),(22,466,161,4.30),(23,99,63,NULL),(24,414,254,5.90),(25,365,299,5.80),(26,13,20,4.70),(27,300,119,9.90),(28,251,243,4.40),(29,125,162,7.20),(30,387,191,7.20),(31,327,196,8.50),(32,420,134,9.40),(33,368,309,NULL),(34,308,245,6.20),(35,281,315,NULL),(36,147,420,7.00),(37,82,310,NULL),(38,254,82,6.90),(39,58,305,4.30),(40,80,287,9.40),(41,253,206,5.50),(42,280,383,7.60),(43,447,233,4.70),(44,372,459,6.60),(45,115,281,9.60),(46,248,478,4.40),(47,176,112,4.70),(48,411,462,NULL),(49,358,348,6.50),(50,136,106,7.90),(51,17,174,5.60),(52,499,404,6.00),(53,411,138,4.00),(54,198,361,6.50),(55,505,509,7.30),(56,338,126,6.40),(57,505,147,9.60),(58,123,411,4.80),(59,6,436,9.60),(60,48,69,7.90),(61,333,80,8.20),(62,50,190,5.90),(63,380,451,9.90),(64,252,45,NULL),(65,203,203,6.30),(66,201,176,10.00),(67,274,447,5.00),(68,351,391,7.50),(69,216,437,5.40),(70,383,153,6.00),(71,198,493,9.70),(72,277,383,6.60),(73,233,330,8.60),(74,45,484,9.50),(75,97,366,8.70),(76,28,496,8.00),(77,15,363,4.60),(78,110,380,10.00),(79,476,251,8.20),(80,81,229,7.80),(81,167,373,NULL),(82,240,432,7.20),(83,59,284,8.60),(84,89,493,7.00),(85,328,40,8.70),(86,208,422,6.60),(87,248,423,5.40),(88,44,42,NULL),(89,97,91,6.70),(90,191,370,8.70),(91,363,380,7.10),(92,462,476,4.10),(93,285,437,9.00),(94,472,188,6.20),(95,355,97,-2.00),(96,24,294,6.30),(97,6,87,5.20),(98,324,83,9.80),(99,495,37,8.50),(100,509,458,7.80),(101,24,112,6.00),(102,38,181,5.90),(103,254,494,4.50),(104,456,504,8.10),(105,174,282,4.50),(106,434,328,9.80),(107,223,303,8.50),(108,406,41,6.70),(109,476,283,5.40),(110,489,215,4.20),(111,410,184,4.30),(112,400,352,5.70),(113,397,278,6.10),(114,479,388,5.00),(115,444,326,7.10),(116,393,149,NULL),(117,418,236,4.90),(118,172,406,-2.00),(119,342,64,8.90),(120,422,483,7.00),(121,142,78,7.00),(122,178,478,4.20),(123,441,424,9.10),(124,472,371,NULL),(125,335,101,NULL),(126,196,60,NULL),(127,100,87,9.40),(128,335,230,7.80),(129,310,27,4.30),(130,48,317,4.40),(131,398,391,8.00),(132,440,141,7.50),(133,495,145,4.50),(134,210,107,9.30),(135,184,318,7.10),(136,196,341,4.50),(137,338,390,6.30),(138,107,247,4.90),(139,230,236,6.20),(140,385,353,5.70),(141,131,478,4.90),(142,490,313,5.70),(143,117,348,6.70),(144,354,481,8.80),(145,46,56,8.80),(146,326,88,5.80),(147,222,32,9.00),(148,477,423,5.70),(149,8,442,4.80),(150,168,282,4.20),(151,217,424,NULL),(152,198,123,7.30),(153,130,404,5.80),(154,159,152,6.80),(155,433,262,5.90),(156,31,502,9.90),(157,177,87,6.00),(158,470,268,8.80),(159,489,129,6.20),(160,279,221,7.90),(161,189,243,6.20),(162,496,185,7.00),(163,271,325,8.80),(164,457,442,8.10),(165,400,483,4.10),(166,424,36,9.80),(167,194,32,9.70),(168,499,445,NULL),(169,199,281,5.80),(170,229,338,5.70),(171,326,299,5.60),(172,60,388,9.50),(173,380,380,9.80),(174,159,210,8.50),(175,257,48,NULL),(176,335,157,9.50),(177,93,221,9.00),(178,280,496,9.90),(179,6,328,8.80),(180,26,223,7.60),(181,382,109,5.40),(182,73,493,9.40),(183,200,248,9.90),(184,384,8,NULL),(185,274,91,5.70),(186,57,265,NULL),(187,226,104,NULL),(188,79,384,7.20),(189,447,467,4.40),(190,444,396,8.00),(191,256,87,NULL),(192,323,320,6.30),(193,55,463,15.00),(194,466,100,4.70),(195,388,502,5.40),(196,247,94,6.60),(197,128,260,4.00),(198,244,494,6.20),(199,39,298,NULL),(200,340,423,9.10),(201,2,65,7.00),(202,211,431,6.60),(203,146,252,8.20),(204,10,254,6.40),(205,131,238,4.20),(206,92,365,NULL),(207,270,320,-2.00),(208,140,2,5.00),(209,130,369,4.20),(210,386,389,7.80),(211,175,188,NULL),(212,388,300,6.40),(213,73,323,5.60),(214,445,457,4.60),(215,79,327,7.00),(216,448,286,8.60),(217,387,175,NULL),(218,135,99,5.30),(219,256,297,8.30),(220,500,484,5.60),(221,30,305,6.80),(222,38,495,6.30),(223,85,489,6.10),(224,3,286,NULL),(225,45,131,6.30),(226,7,156,9.50),(227,448,275,4.00),(228,307,119,8.50),(229,350,78,9.90),(230,211,169,5.30),(231,26,333,6.10),(232,125,335,9.60),(233,246,78,NULL),(234,472,93,9.40),(235,300,249,6.90),(236,126,122,8.80),(237,431,116,4.60),(238,362,67,-2.00),(239,382,358,NULL),(240,97,422,5.20),(241,40,151,4.70),(242,132,24,NULL),(243,440,45,NULL),(244,73,492,15.00),(245,363,85,NULL),(246,411,76,NULL),(247,253,401,8.20),(248,167,60,4.70),(249,450,46,6.80),(250,60,248,8.40),(251,169,102,7.80),(252,406,497,NULL),(253,127,280,7.50),(254,368,430,NULL),(255,348,410,7.70),(256,240,421,5.50),(257,318,504,5.80),(258,353,489,9.70),(259,105,447,4.10),(260,140,198,5.10),(261,46,200,8.20),(262,157,17,6.10),(263,380,206,9.20),(264,460,475,NULL),(265,500,463,7.40),(266,467,329,6.50),(267,367,397,7.60),(268,231,82,5.70),(269,262,79,4.50),(270,115,238,4.10),(271,151,70,NULL),(272,208,424,9.90),(273,452,53,8.90),(274,445,84,9.60),(275,412,299,4.20),(276,263,282,4.70),(277,191,260,8.80),(278,246,53,7.00),(279,74,144,NULL),(280,348,242,9.30),(281,127,61,6.10),(282,128,327,5.70),(283,402,170,8.70),(284,432,292,NULL),(285,257,169,5.10),(286,315,309,4.80),(287,114,204,8.10),(288,316,236,9.60),(289,84,329,7.30),(290,94,146,9.40),(291,154,454,7.60),(292,288,498,7.00),(293,96,83,15.00),(294,484,166,8.00),(295,268,379,8.20),(296,183,335,4.80),(297,244,370,6.60),(298,212,271,NULL),(299,502,159,7.10),(300,384,385,7.60),(301,309,6,7.70),(302,48,380,NULL),(303,20,454,8.20),(304,325,367,8.20),(305,477,188,9.80),(306,177,76,5.70),(307,400,163,4.70),(308,28,229,7.30),(309,450,483,9.20),(310,290,255,6.80),(311,310,163,6.10),(312,467,149,7.00),(313,396,278,5.50),(314,421,448,8.30),(315,378,227,NULL),(316,256,504,7.20),(317,270,266,6.40),(318,496,122,6.60),(319,195,367,5.20),(320,104,285,7.10),(321,404,387,5.30),(322,487,10,5.80),(323,482,63,8.20),(324,307,142,6.10),(325,162,298,8.50),(326,299,26,4.30),(327,432,400,5.60),(328,478,407,NULL),(329,467,238,-2.00),(330,86,350,NULL),(331,82,24,4.10),(332,195,183,4.50),(333,166,424,6.40),(334,138,415,9.10),(335,486,189,NULL),(336,253,224,-2.00),(337,461,22,5.00),(338,41,338,9.00),(339,104,199,8.70),(340,228,131,9.00),(341,117,44,NULL),(342,241,139,NULL),(343,284,458,7.20),(344,390,205,8.60),(345,77,267,8.20),(346,242,307,9.90),(347,27,392,4.20),(348,496,377,9.90),(349,196,129,6.90),(350,210,134,8.80),(351,311,489,6.80),(352,228,190,7.50),(353,473,7,6.50),(354,153,481,6.50),(355,186,324,7.20),(356,1,262,4.40),(357,379,36,5.80),(358,93,268,9.20),(359,263,10,9.00),(360,25,102,4.00),(361,59,51,6.70),(362,465,343,9.90),(363,332,165,15.00),(364,44,402,8.20),(365,478,344,4.30),(366,299,407,6.10),(367,505,260,9.00),(368,261,169,7.50),(369,156,38,8.70),(370,141,76,9.60),(371,425,321,9.70),(372,460,318,NULL),(373,205,494,9.90),(374,415,398,NULL),(375,269,317,4.30),(376,277,254,6.60),(377,99,5,4.10),(378,209,160,-2.00),(379,385,188,9.50),(380,232,427,7.40),(381,58,115,8.90),(382,397,104,NULL),(383,99,101,6.00),(384,455,164,4.70),(385,419,152,5.30),(386,24,494,7.60),(387,180,55,6.40),(388,293,113,NULL),(389,74,145,NULL),(390,129,115,15.00),(391,455,373,6.20),(392,22,369,15.00),(393,155,233,9.80),(394,360,442,4.60),(395,427,191,6.00),(396,390,229,5.80),(397,160,16,9.10),(398,58,340,4.10),(399,343,65,8.10),(400,329,144,6.70),(401,171,159,7.10),(402,314,5,8.70),(403,266,507,7.80),(404,145,485,NULL),(405,504,118,7.20),(406,170,419,7.80),(407,323,85,8.90),(408,443,128,6.90),(409,176,181,5.70),(410,83,240,8.30),(411,429,446,7.40),(412,124,219,15.00),(413,398,98,7.60),(414,334,8,10.00),(415,146,476,7.70),(416,425,87,4.30),(417,139,417,NULL),(418,143,133,NULL),(419,178,333,9.90),(420,442,306,NULL),(421,80,138,5.10),(422,102,107,6.30),(423,103,378,4.90),(424,26,193,9.90),(425,481,179,9.20),(426,71,228,4.90),(427,476,190,5.90),(428,467,207,5.20),(429,183,82,4.30),(430,12,427,NULL),(431,67,298,6.60),(432,29,40,8.90),(433,265,375,6.30),(434,136,179,NULL),(435,464,6,8.80),(436,47,11,8.20),(437,147,305,6.00),(438,510,419,8.40),(439,116,211,8.30),(440,16,330,9.30),(441,440,330,-2.00),(442,299,17,9.50),(443,226,253,6.50),(444,209,329,8.80),(445,335,409,8.20),(446,460,360,4.20),(447,232,260,6.10),(448,227,137,9.30),(449,204,24,8.20),(450,75,393,8.30),(451,78,479,7.30),(452,306,502,4.90),(453,99,116,5.80),(454,447,272,9.70),(455,191,116,NULL),(456,506,389,6.20),(457,244,11,5.10),(458,119,368,6.10),(459,92,68,5.50),(460,241,470,4.10),(461,174,197,6.70),(462,458,216,5.10),(463,137,178,7.20),(464,139,446,NULL),(465,253,233,9.00),(466,303,293,4.20),(467,241,213,7.50),(468,246,241,7.90),(469,92,151,9.70),(470,510,209,6.20),(471,403,473,6.80),(472,406,161,7.90),(473,157,64,4.40),(474,437,239,9.60),(475,506,200,4.70),(476,223,57,NULL),(477,28,179,4.80),(478,206,268,7.40),(479,499,41,7.10),(480,457,175,-2.00),(481,98,350,4.30),(482,186,221,7.20),(483,42,454,6.70),(484,430,312,7.90),(485,238,439,6.90),(486,451,270,NULL),(487,92,148,5.50),(488,459,66,5.40),(489,416,267,7.20),(490,283,315,4.50),(491,358,334,7.60),(492,152,64,NULL),(493,224,109,5.20),(494,153,145,NULL),(495,60,201,9.90),(496,29,477,NULL),(497,331,504,7.90),(498,294,328,5.70),(499,84,506,7.20),(500,156,463,4.90),(501,130,351,7.00),(502,218,318,6.00),(503,335,249,NULL),(504,39,256,15.00),(505,440,177,9.10),(506,300,115,4.90),(507,257,84,7.80),(508,440,168,7.50),(509,91,323,9.10),(510,16,138,5.20);
/*!40000 ALTER TABLE `grades` ENABLE KEYS */;
UNLOCK TABLES;

--
-- Table structure for table `students`
--

DROP TABLE IF EXISTS `students`;
/*!40101 SET @saved_cs_client     = @@character_set_client */;
/*!50503 SET character_set_client = utf8mb4 */;
CREATE TABLE `students` (
  `StudentID` int NOT NULL AUTO_INCREMENT,
  `StudentName` varchar(100) NOT NULL,
  `BirthDate` date DEFAULT NULL,
  `Address` varchar(255) DEFAULT NULL,
  `ClassID` int DEFAULT NULL,
  PRIMARY KEY (`StudentID`),
  KEY `ClassID` (`ClassID`),
  KEY `idx_student_name` (`StudentName`),
  CONSTRAINT `students_ibfk_1` FOREIGN KEY (`ClassID`) REFERENCES `classes` (`ClassID`)
) ENGINE=InnoDB AUTO_INCREMENT=511 DEFAULT CHARSET=utf8mb4 COLLATE=utf8mb4_0900_ai_ci;
/*!40101 SET character_set_client = @saved_cs_client */;

--
-- Dumping data for table `students`
--

LOCK TABLES `students` WRITE;
/*!40000 ALTER TABLE `students` DISABLE KEYS */;
INSERT INTO `students` VALUES (1,'Student 1','2008-01-26','City District 27',403),(2,'Student 2','2009-12-01','City District 7',297),(3,'Student 3',NULL,'City District 10',316),(4,'Student 4','2009-08-22',NULL,322),(5,'Student 5','2009-10-30','City District 18',17),(6,'Student 6','2010-01-31','City District 22',417),(7,'Student 7','2011-10-24','City District 17',403),(8,'Student 8','2011-08-03','City District 12',190),(9,'Student 9','2011-05-12','City District 32',335),(10,'Student 10','2010-08-12','City District 7',273),(11,'Student 11','2010-07-21',NULL,488),(12,'Student 12','2010-10-06','City District 13',8),(13,'Student 13','2008-06-02','City District 45',NULL),(14,'Student 14','2008-09-03','City District 43',426),(15,'Student 15','2009-10-30','City District 4',411),(16,'Student 16','2010-10-06',NULL,485),(17,'Student 17','2009-10-27','City District 21',487),(18,'Student 18','2009-12-20','City District 46',104),(19,'Student 19','2009-09-26','City District 28',311),(20,'Student 20',NULL,'City District 2',416),(21,'Student 21','2009-05-24',NULL,198),(22,'Student 22','2010-02-05','City District 26',159),(23,'Student 23','2009-10-05','City District 14',302),(24,'Student 24','2009-09-01','City District 48',213),(25,'Student 25','2010-08-28','City District 9',460),(26,'Student 26','2010-08-01','City District 38',314),(27,'Student 27','2010-04-10','City District 37',452),(28,'Student 28','2010-12-23','City District 48',249),(29,'Student 29','2008-10-15','City District 42',59),(30,'Student 30',NULL,'City District 9',277),(31,'Student 31','2009-12-01',NULL,100),(32,'Student 32','2009-02-20','City District 13',505),(33,'Student 33','2010-09-24','City District 34',116),(34,'Student 34','2010-06-16','City District 32',71),(35,'Student 35','2009-09-16','City District 2',103),(36,'Student 36','2009-08-30','City District 9',364),(37,'Student 37','2009-09-25','City District 23',200),(38,'Student 38','2011-07-15','City District 6',NULL),(39,'Student 39','2008-08-16','City District 39',161),(40,'Student 40','2011-11-16',NULL,302),(41,'Student 41','2009-12-06','City District 26',401),(42,'Student 42','2011-09-10','City District 12',458),(43,'Student 43','2008-01-20','City District 2',439),(44,'Student 44','2009-03-14','City District 11',230),(45,'Student 45','2011-02-02','City District 36',298),(46,'Student 46','2008-01-22','City District 25',264),(47,'Student 47','2011-01-22','City District 3',299),(48,'Student 48',NULL,'City District 40',336),(49,'Student 49','2008-10-06','City District 38',430),(50,'Student 50','2011-01-08','City District 36',180),(51,'Student 51','2011-03-27','City District 26',239),(52,'Student 52','2010-07-29','City District 3',97),(53,'Student 53','2011-10-22','City District 17',415),(54,'Student 54','2010-01-17','City District 46',487),(55,'Student 55','2008-11-28','City District 13',466),(56,'Student 56','2011-12-18','City District 27',NULL),(57,'Student 57','2009-11-06','City District 46',NULL),(58,'Student 58','2008-03-08','City District 4',176),(59,'Student 59','2009-01-22','City District 28',276),(60,'Student 60','2009-03-28','City District 15',39),(61,'Student 61','2010-12-05','City District 10',193),(62,'Student 62','2011-07-18','City District 6',16),(63,'Student 63','2011-03-15','City District 25',274),(64,'Student 64','2008-04-02',NULL,500),(65,'Student 65','2009-10-09','City District 35',23),(66,'Student 66','2009-10-26','City District 42',289),(67,'Student 67','2009-04-02','City District 16',189),(68,'Student 68','2010-02-23','City District 45',336),(69,'Student 69','2011-08-27','City District 19',228),(70,'Student 70','2008-04-20',NULL,403),(71,'Student 71','2010-03-16','City District 16',244),(72,'Student 72',NULL,'City District 36',150),(73,'Student 73','2010-12-05','City District 5',334),(74,'Student 74','2010-04-05','City District 22',NULL),(75,'Student 75','2009-04-24','City District 38',408),(76,'Student 76',NULL,'City District 23',422),(77,'Student 77','2010-06-27',NULL,391),(78,'Student 78','2010-11-27',NULL,257),(79,'Student 79','2009-11-17','City District 37',103),(80,'Student 80','2011-11-30','City District 40',249),(81,'Student 81','2008-03-22','City District 24',67),(82,'Student 82','2010-06-10','City District 37',156),(83,'Student 83','2010-11-27','City District 31',200),(84,'Student 84','2009-12-02','City District 14',356),(85,'Student 85','2008-01-15','City District 38',469),(86,'Student 86','2009-06-07','City District 41',132),(87,'Student 87','2011-03-29',NULL,508),(88,'Student 88',NULL,'City District 42',250),(89,'Student 89','2009-03-19','City District 40',50),(90,'Student 90','2009-06-05',NULL,471),(91,'Student 91','2010-10-24','City District 25',271),(92,'Student 92','2011-04-02','City District 7',369),(93,'Student 93','2011-02-04','City District 21',263),(94,'Student 94','2011-12-18','City District 37',222),(95,'Student 95','2008-02-11',NULL,155),(96,'Student 96','2010-10-12','City District 49',163),(97,'Student 97','2009-10-21','City District 35',250),(98,'Student 98','2011-10-26','City District 4',186),(99,'Student 99','2011-02-06','City District 41',338),(100,'Student 100',NULL,NULL,460),(101,'Student 101','2011-09-28','City District 14',131),(102,'Student 102','2008-05-04',NULL,149),(103,'Student 103','2010-04-21','City District 29',402),(104,'Student 104','2010-09-01',NULL,488),(105,'Student 105','2008-05-27','City District 36',370),(106,'Student 106','2009-04-06','City District 5',390),(107,'Student 107','2011-07-02','City District 5',40),(108,'Student 108','2008-01-16','City District 26',493),(109,'Student 109','2008-08-18','City District 48',209),(110,'Student 110',NULL,'City District 23',NULL),(111,'Student 111',NULL,NULL,NULL),(112,'Student 112',NULL,'City District 21',NULL),(113,'Student 113','2008-10-27','City District 19',194),(114,'Student 114','2008-07-06','City District 16',385),(115,'Student 115','2011-02-25','City District 33',NULL),(116,'Student 116','2011-11-15','City District 50',13),(117,'Student 117','2009-03-13',NULL,231),(118,'Student 118','2011-07-10',NULL,455),(119,'Student 119','2010-10-19','City District 40',74),(120,'Student 120','2010-10-03','City District 48',NULL),(121,'Student 121',NULL,'City District 19',179),(122,'Student 122','2010-01-19','City District 29',105),(123,'Student 123','2009-06-22','City District 11',379),(124,'Student 124','2010-07-30',NULL,191),(125,'Student 125','2009-01-02','City District 27',86),(126,'Student 126',NULL,'City District 41',355),(127,'Student 127','2009-06-16','City District 30',163),(128,'Student 128','2009-09-15','City District 22',477),(129,'Student 129','2009-03-02','City District 44',172),(130,'Student 130','2011-12-15','City District 40',212),(131,'Student 131',NULL,'City District 33',NULL),(132,'Student 132','2008-06-03','City District 20',245),(133,'Student 133','2009-01-15',NULL,410),(134,'Student 134','2010-06-10','City District 24',65),(135,'Student 135','2011-09-25','City District 11',59),(136,'Student 136','2010-03-30','City District 44',36),(137,'Student 137','2008-11-29','City District 26',40),(138,'Student 138',NULL,'City District 12',382),(139,'Student 139','2011-06-27','City District 27',152),(140,'Student 140','2010-08-25',NULL,199),(141,'Student 141','2008-11-01',NULL,396),(142,'Student 142','2008-05-13','City District 49',307),(143,'Student 143','2008-03-05','City District 20',129),(144,'Student 144','2009-10-12',NULL,388),(145,'Student 145','2011-07-30','City District 10',36),(146,'Student 146',NULL,'City District 15',331),(147,'Student 147','2008-04-09','City District 8',NULL),(148,'Student 148','2008-12-19','City District 16',505),(149,'Student 149','2011-05-09','City District 31',24),(150,'Student 150','2011-07-13','City District 47',353),(151,'Student 151','2008-08-13','City District 46',237),(152,'Student 152','2008-07-25',NULL,113),(153,'Student 153','2010-12-15','City District 37',282),(154,'Student 154','2009-08-11','City District 6',41),(155,'Student 155',NULL,'City District 7',247),(156,'Student 156','2010-10-07','City District 42',48),(157,'Student 157',NULL,NULL,14),(158,'Student 158','2010-07-03','City District 8',17),(159,'Student 159','2008-08-08','City District 32',448),(160,'Student 160','2011-09-13',NULL,416),(161,'Student 161','2008-05-16',NULL,466),(162,'Student 162',NULL,'City District 19',404),(163,'Student 163','2009-04-11','City District 30',137),(164,'Student 164','2009-03-08','City District 27',266),(165,'Student 165','2009-08-16','City District 14',364),(166,'Student 166','2008-07-12','City District 4',348),(167,'Student 167','2008-11-20','City District 14',344),(168,'Student 168','2010-05-09','City District 24',8),(169,'Student 169','2011-01-28','City District 47',95),(170,'Student 170',NULL,'City District 8',496),(171,'Student 171','2009-11-25',NULL,288),(172,'Student 172','2011-01-28','City District 37',66),(173,'Student 173','2009-09-04','City District 25',438),(174,'Student 174','2011-10-03','City District 22',487),(175,'Student 175','2009-08-24','City District 46',161),(176,'Student 176','2008-11-20','City District 29',82),(177,'Student 177','2009-03-19','City District 41',170),(178,'Student 178','2008-03-28','City District 9',NULL),(179,'Student 179','2010-12-02','City District 2',434),(180,'Student 180','2009-02-18','City District 10',499),(181,'Student 181','2010-10-25','City District 23',154),(182,'Student 182','2009-03-13','City District 32',259),(183,'Student 183','2010-10-28','City District 28',459),(184,'Student 184','2011-04-14',NULL,461),(185,'Student 185','2009-10-23','City District 4',295),(186,'Student 186','2009-06-14','City District 42',335),(187,'Student 187','2011-07-10','City District 26',31),(188,'Student 188','2008-09-23','City District 20',88),(189,'Student 189','2011-08-03',NULL,380),(190,'Student 190','2008-04-11','City District 42',417),(191,'Student 191','2011-09-29','City District 4',194),(192,'Student 192','2010-10-20','City District 41',75),(193,'Student 193',NULL,'City District 44',230),(194,'Student 194','2011-12-26','City District 10',206),(195,'Student 195','2011-04-07','City District 25',409),(196,'Student 196','2011-01-22','City District 48',48),(197,'Student 197','2010-03-14','City District 27',298),(198,'Student 198','2010-04-20','City District 24',243),(199,'Student 199','2010-08-23','City District 25',115),(200,'Student 200','2010-10-03','City District 5',167),(201,'Student 201',NULL,'City District 30',47),(202,'Student 202','2010-08-03',NULL,253),(203,'Student 203','2008-07-17','City District 25',380),(204,'Student 204','2008-03-23','City District 44',128),(205,'Student 205','2011-12-19','City District 10',206),(206,'Student 206','2009-11-05','City District 8',481),(207,'Student 207','2011-04-16','City District 48',251),(208,'Student 208',NULL,'City District 41',28),(209,'Student 209','2011-06-17','City District 20',NULL),(210,'Student 210','2010-12-15','City District 25',NULL),(211,'Student 211',NULL,'City District 32',98),(212,'Student 212','2009-06-20',NULL,242),(213,'Student 213','2011-11-05','City District 28',187),(214,'Student 214','2011-02-18','City District 17',161),(215,'Student 215','2011-09-21','City District 24',165),(216,'Student 216','2010-01-01',NULL,345),(217,'Student 217','2009-02-28','City District 10',277),(218,'Student 218','2008-08-27','City District 44',430),(219,'Student 219',NULL,'City District 6',65),(220,'Student 220','2010-12-02','City District 35',255),(221,'Student 221','2008-04-23','City District 49',42),(222,'Student 222','2009-06-29','City District 33',411),(223,'Student 223','2009-11-25','City District 44',305),(224,'Student 224','2008-05-22','City District 31',222),(225,'Student 225','2011-12-14',NULL,317),(226,'Student 226','2010-06-13','City District 39',188),(227,'Student 227','2010-05-13','City District 17',386),(228,'Student 228','2008-09-06','City District 29',59),(229,'Student 229','2010-08-24','City District 28',457),(230,'Student 230',NULL,'City District 21',NULL),(231,'Student 231','2010-03-01','City District 38',440),(232,'Student 232','2011-09-01','City District 20',227),(233,'Student 233','2011-01-04','City District 20',501),(234,'Student 234','2011-04-28','City District 23',288),(235,'Student 235','2010-09-13','City District 1',343),(236,'Student 236','2010-07-03','City District 39',411),(237,'Student 237',NULL,'City District 12',236),(238,'Student 238','2010-09-08','City District 49',310),(239,'Student 239','2011-09-19','City District 44',441),(240,'Student 240','2009-04-14','City District 4',308),(241,'Student 241','2011-10-13','City District 47',246),(242,'Student 242','2008-02-27','City District 1',402),(243,'Student 243','2011-09-15','City District 9',NULL),(244,'Student 244','2011-07-18','City District 7',214),(245,'Student 245','2010-10-23','City District 24',492),(246,'Student 246','2010-08-04','City District 4',212),(247,'Student 247','2008-09-16',NULL,25),(248,'Student 248','2009-01-18','City District 11',12),(249,'Student 249','2008-01-07','City District 9',510),(250,'Student 250','2011-09-05',NULL,105),(251,'Student 251','2008-02-14','City District 18',197),(252,'Student 252','2009-06-26','City District 37',293),(253,'Student 253',NULL,'City District 47',110),(254,'Student 254','2008-12-27','City District 14',376),(255,'Student 255','2010-02-25','City District 13',309),(256,'Student 256','2010-05-31','City District 23',498),(257,'Student 257','2009-05-13','City District 30',407),(258,'Student 258','2008-03-25','City District 11',334),(259,'Student 259','2010-05-23','City District 24',141),(260,'Student 260','2011-05-21','City District 17',185),(261,'Student 261','2011-08-18','City District 13',174),(262,'Student 262','2009-12-30','City District 24',73),(263,'Student 263','2008-02-09','City District 45',426),(264,'Student 264',NULL,'City District 42',376),(265,'Student 265','2008-05-16','City District 22',NULL),(266,'Student 266','2011-04-16','City District 32',119),(267,'Student 267','2009-03-31','City District 25',256),(268,'Student 268','2011-08-28','City District 12',197),(269,'Student 269','2010-02-10','City District 22',419),(270,'Student 270','2010-04-21','City District 16',404),(271,'Student 271','2010-10-21','City District 44',NULL),(272,'Student 272','2008-08-18','City District 11',76),(273,'Student 273',NULL,'City District 47',NULL),(274,'Student 274',NULL,'City District 43',56),(275,'Student 275','2009-09-28','City District 31',154),(276,'Student 276','2009-11-01',NULL,30),(277,'Student 277','2010-06-03','City District 31',251),(278,'Student 278','2011-08-02',NULL,49),(279,'Student 279','2010-05-22','City District 16',96),(280,'Student 280','2008-11-03','City District 41',302),(281,'Student 281','2010-10-17','City District 13',496),(282,'Student 282',NULL,'City District 46',5),(283,'Student 283','2009-02-15','City District 42',475),(284,'Student 284','2008-01-07','City District 1',355),(285,'Student 285','2011-07-21','City District 9',88),(286,'Student 286',NULL,'City District 36',229),(287,'Student 287','2008-12-19','City District 22',319),(288,'Student 288','2009-11-10','City District 9',509),(289,'Student 289','2010-06-08','City District 7',391),(290,'Student 290',NULL,'City District 6',117),(291,'Student 291','2009-10-24','City District 41',311),(292,'Student 292','2008-03-24','City District 13',358),(293,'Student 293','2011-12-28','City District 50',41),(294,'Student 294','2008-12-21','City District 45',325),(295,'Student 295','2008-07-30','City District 39',461),(296,'Student 296','2011-12-13','City District 23',161),(297,'Student 297','2008-08-22','City District 31',171),(298,'Student 298','2011-02-09','City District 4',27),(299,'Student 299','2008-02-14',NULL,404),(300,'Student 300','2011-06-09','City District 3',445),(301,'Student 301','2008-05-21','City District 15',176),(302,'Student 302','2011-11-13',NULL,446),(303,'Student 303','2008-01-28','City District 42',154),(304,'Student 304','2008-06-13','City District 3',445),(305,'Student 305','2008-09-17','City District 38',45),(306,'Student 306','2008-01-26','City District 12',165),(307,'Student 307','2009-06-23','City District 17',421),(308,'Student 308','2008-10-06','City District 37',NULL),(309,'Student 309','2010-12-14','City District 20',372),(310,'Student 310','2009-09-06','City District 10',49),(311,'Student 311','2009-07-16','City District 33',272),(312,'Student 312','2010-05-16','City District 23',170),(313,'Student 313','2009-10-21',NULL,230),(314,'Student 314','2011-12-26','City District 18',380),(315,'Student 315','2010-04-10','City District 23',NULL),(316,'Student 316','2011-06-10','City District 17',131),(317,'Student 317','2009-11-04','City District 17',311),(318,'Student 318','2008-04-11','City District 36',503),(319,'Student 319','2009-11-22','City District 30',43),(320,'Student 320','2008-01-30','City District 11',367),(321,'Student 321','2010-01-20','City District 35',272),(322,'Student 322','2010-09-23','City District 43',435),(323,'Student 323','2010-05-17','City District 12',173),(324,'Student 324','2008-08-04','City District 4',259),(325,'Student 325','2011-07-27','City District 32',382),(326,'Student 326','2008-02-07','City District 41',383),(327,'Student 327','2010-06-24','City District 16',284),(328,'Student 328','2009-02-19','City District 30',447),(329,'Student 329','2010-01-05','City District 14',415),(330,'Student 330','2009-07-02',NULL,336),(331,'Student 331','2008-05-03','City District 48',111),(332,'Student 332','2008-06-10','City District 5',286),(333,'Student 333','2011-11-28','City District 19',332),(334,'Student 334','2011-07-07','City District 36',371),(335,'Student 335','2008-02-11',NULL,483),(336,'Student 336','2008-11-27',NULL,250),(337,'Student 337',NULL,'City District 18',372),(338,'Student 338','2011-07-05','City District 18',170),(339,'Student 339','2008-11-04','City District 28',223),(340,'Student 340','2011-07-22','City District 6',90),(341,'Student 341','2008-04-03','City District 30',417),(342,'Student 342','2010-05-07',NULL,162),(343,'Student 343','2010-02-02','City District 48',97),(344,'Student 344','2011-06-30','City District 49',117),(345,'Student 345','2009-07-31','City District 4',101),(346,'Student 346','2011-03-30','City District 16',NULL),(347,'Student 347',NULL,'City District 23',NULL),(348,'Student 348',NULL,'City District 1',131),(349,'Student 349','2010-05-09','City District 50',NULL),(350,'Student 350','2010-07-23','City District 40',164),(351,'Student 351','2010-03-27','City District 23',8),(352,'Student 352','2011-08-05','City District 45',348),(353,'Student 353','2010-07-07','City District 34',169),(354,'Student 354','2009-03-30','City District 9',366),(355,'Student 355','2011-05-06','City District 11',53),(356,'Student 356','2010-10-07','City District 47',179),(357,'Student 357','2009-08-20','City District 20',35),(358,'Student 358','2008-06-25','City District 21',388),(359,'Student 359','2010-03-12','City District 44',425),(360,'Student 360','2011-02-14','City District 43',419),(361,'Student 361','2010-07-06','City District 36',410),(362,'Student 362','2010-08-23',NULL,253),(363,'Student 363','2009-01-18','City District 2',217),(364,'Student 364','2011-04-12','City District 44',198),(365,'Student 365','2009-08-22','City District 44',NULL),(366,'Student 366','2011-07-21','City District 15',238),(367,'Student 367',NULL,'City District 27',318),(368,'Student 368',NULL,'City District 14',438),(369,'Student 369','2009-12-25','City District 2',128),(370,'Student 370','2008-10-16','City District 5',408),(371,'Student 371','2011-05-07',NULL,9),(372,'Student 372','2011-12-03',NULL,214),(373,'Student 373','2009-10-15','City District 16',449),(374,'Student 374','2010-12-10','City District 13',459),(375,'Student 375','2009-05-01','City District 24',455),(376,'Student 376','2009-06-12','City District 8',132),(377,'Student 377','2010-12-02',NULL,492),(378,'Student 378','2011-08-12','City District 42',262),(379,'Student 379','2009-12-21','City District 38',159),(380,'Student 380',NULL,'City District 31',290),(381,'Student 381','2011-12-27','City District 50',309),(382,'Student 382','2009-01-21','City District 10',334),(383,'Student 383','2011-02-19',NULL,445),(384,'Student 384','2011-09-22','City District 2',331),(385,'Student 385',NULL,'City District 31',186),(386,'Student 386','2009-10-03','City District 41',2),(387,'Student 387',NULL,'City District 32',222),(388,'Student 388','2009-06-22','City District 38',215),(389,'Student 389','2011-05-04',NULL,368),(390,'Student 390','2011-05-30','City District 22',231),(391,'Student 391',NULL,'City District 28',332),(392,'Student 392','2009-08-23','City District 9',181),(393,'Student 393','2008-01-23','City District 29',478),(394,'Student 394','2008-08-24','City District 27',209),(395,'Student 395','2009-10-04',NULL,110),(396,'Student 396','2010-01-12','City District 16',391),(397,'Student 397','2009-10-15','City District 23',205),(398,'Student 398','2010-06-01','City District 45',432),(399,'Student 399','2008-10-09','City District 38',489),(400,'Student 400','2011-03-19','City District 19',443),(401,'Student 401','2009-05-28','City District 46',459),(402,'Student 402','2008-07-28','City District 5',492),(403,'Student 403',NULL,'City District 26',195),(404,'Student 404','2009-10-19','City District 3',262),(405,'Student 405','2008-01-23','City District 11',306),(406,'Student 406','2009-09-01','City District 37',36),(407,'Student 407','2010-06-05','City District 11',340),(408,'Student 408','2009-01-20','City District 24',33),(409,'Student 409','2009-05-14','City District 48',413),(410,'Student 410','2010-08-27','City District 11',247),(411,'Student 411','2009-06-22','City District 34',359),(412,'Student 412','2010-03-29','City District 3',458),(413,'Student 413','2009-05-21','City District 19',41),(414,'Student 414','2011-08-22','City District 40',377),(415,'Student 415','2010-04-09','City District 1',91),(416,'Student 416','2009-03-25','City District 36',216),(417,'Student 417','2011-01-11','City District 15',481),(418,'Student 418','2011-12-25','City District 33',NULL),(419,'Student 419','2009-09-24',NULL,408),(420,'Student 420','2011-05-03','City District 12',23),(421,'Student 421','2011-08-29',NULL,370),(422,'Student 422','2009-08-12','City District 21',426),(423,'Student 423','2011-03-29','City District 37',157),(424,'Student 424','2009-08-09',NULL,65),(425,'Student 425','2008-08-01','City District 46',7),(426,'Student 426',NULL,'City District 47',150),(427,'Student 427','2011-01-08','City District 25',200),(428,'Student 428','2008-01-16','City District 49',396),(429,'Student 429','2011-05-10','City District 32',238),(430,'Student 430','2010-12-21','City District 15',251),(431,'Student 431','2011-12-16',NULL,111),(432,'Student 432','2008-12-01','City District 49',299),(433,'Student 433','2009-10-22','City District 40',159),(434,'Student 434','2009-04-23','City District 48',81),(435,'Student 435','2009-07-06','City District 3',84),(436,'Student 436','2009-10-04','City District 21',135),(437,'Student 437','2010-07-18','City District 1',151),(438,'Student 438',NULL,'City District 47',369),(439,'Student 439','2009-02-18','City District 50',356),(440,'Student 440','2008-02-24',NULL,293),(441,'Student 441','2011-07-15','City District 38',267),(442,'Student 442',NULL,'City District 5',474),(443,'Student 443','2009-11-18','City District 40',171),(444,'Student 444','2009-02-09',NULL,257),(445,'Student 445','2009-12-16','City District 38',194),(446,'Student 446','2009-05-21','City District 40',309),(447,'Student 447','2010-02-08',NULL,388),(448,'Student 448','2010-01-01','City District 27',508),(449,'Student 449','2008-10-25','City District 34',466),(450,'Student 450','2008-12-24','City District 44',188),(451,'Student 451','2010-02-12','City District 10',234),(452,'Student 452','2009-01-28','City District 42',233),(453,'Student 453','2009-12-22',NULL,338),(454,'Student 454','2008-12-17','City District 1',458),(455,'Student 455','2011-03-08','City District 26',71),(456,'Student 456','2008-02-21',NULL,102),(457,'Student 457','2009-07-29','City District 19',256),(458,'Student 458','2009-11-07','City District 16',170),(459,'Student 459','2011-01-26','City District 40',140),(460,'Student 460','2010-05-04','City District 33',70),(461,'Student 461','2011-03-07','City District 45',416),(462,'Student 462','2008-10-29','City District 15',460),(463,'Student 463','2009-04-13','City District 48',158),(464,'Student 464','2008-04-16','City District 36',382),(465,'Student 465','2009-08-05','City District 25',NULL),(466,'Student 466','2011-03-04','City District 8',347),(467,'Student 467','2010-04-06','City District 45',230),(468,'Student 468','2008-02-07',NULL,496),(469,'Student 469','2008-04-27','City District 42',117),(470,'Student 470','2008-03-01','City District 37',271),(471,'Student 471','2010-11-12','City District 24',126),(472,'Student 472','2009-12-08','City District 24',129),(473,'Student 473','2010-09-29','City District 10',159),(474,'Student 474','2010-09-16','City District 37',435),(475,'Student 475','2010-04-30','City District 34',304),(476,'Student 476','2009-10-04','City District 15',395),(477,'Student 477','2009-11-16','City District 9',74),(478,'Student 478','2008-09-22','City District 48',155),(479,'Student 479','2009-04-14','City District 28',233),(480,'Student 480','2008-07-05','City District 39',NULL),(481,'Student 481','2008-05-25','City District 7',210),(482,'Student 482','2010-02-09','City District 17',369),(483,'Student 483',NULL,'City District 35',118),(484,'Student 484',NULL,'City District 9',498),(485,'Student 485','2011-10-04','City District 34',91),(486,'Student 486','2011-03-28',NULL,NULL),(487,'Student 487',NULL,'City District 22',309),(488,'Student 488','2009-05-27','City District 15',290),(489,'Student 489','2008-07-13','City District 32',306),(490,'Student 490',NULL,'City District 43',49),(491,'Student 491','2010-06-07',NULL,86),(492,'Student 492','2008-09-13','City District 28',340),(493,'Student 493','2009-04-12','City District 24',302),(494,'Student 494','2010-09-28','City District 16',180),(495,'Student 495','2008-01-18','City District 5',281),(496,'Student 496','2008-11-08','City District 44',361),(497,'Student 497','2011-09-02','City District 13',295),(498,'Student 498','2010-08-04','City District 20',270),(499,'Student 499',NULL,'City District 12',373),(500,'Student 500','2009-10-13','City District 11',61),(501,'Student 501','2011-11-15','City District 22',181),(502,'Student 502','2009-01-21','City District 27',498),(503,'Student 503','2011-12-04','City District 34',374),(504,'Student 504','2010-12-22',NULL,53),(505,'Student 505','2011-11-29',NULL,182),(506,'Student 506','2011-08-12','City District 17',156),(507,'Student 507','2010-11-04','City District 11',333),(508,'Student 508','2011-09-23','City District 39',306),(509,'Student 509','2008-06-21','City District 6',505),(510,'Student 510','2010-07-29','City District 13',196);
/*!40000 ALTER TABLE `students` ENABLE KEYS */;
UNLOCK TABLES;

--
-- Table structure for table `subjects`
--

DROP TABLE IF EXISTS `subjects`;
/*!40101 SET @saved_cs_client     = @@character_set_client */;
/*!50503 SET character_set_client = utf8mb4 */;
CREATE TABLE `subjects` (
  `SubjectID` int NOT NULL AUTO_INCREMENT,
  `SubjectName` varchar(100) NOT NULL,
  PRIMARY KEY (`SubjectID`)
) ENGINE=InnoDB AUTO_INCREMENT=511 DEFAULT CHARSET=utf8mb4 COLLATE=utf8mb4_0900_ai_ci;
/*!40101 SET character_set_client = @saved_cs_client */;

--
-- Dumping data for table `subjects`
--

LOCK TABLES `subjects` WRITE;
/*!40000 ALTER TABLE `subjects` DISABLE KEYS */;
INSERT INTO `subjects` VALUES (1,'Subject 1'),(2,'Subject 2'),(3,'Subject 3'),(4,'Subject 4'),(5,'Subject 5'),(6,'Subject 6'),(7,'Subject 7'),(8,'Subject 8'),(9,'Subject 9'),(10,'Subject 10'),(11,'Subject 11'),(12,'Subject 12'),(13,'Subject 13'),(14,'Subject 14'),(15,'Subject 15'),(16,'Subject 16'),(17,'Subject 17'),(18,'Subject 18'),(19,'Subject 19'),(20,'Subject 20'),(21,'Subject 21'),(22,'Subject 22'),(23,'Subject 23'),(24,'Subject 24'),(25,'Subject 25'),(26,'Subject 26'),(27,'Subject 27'),(28,'Subject 28'),(29,'Subject 29'),(30,'Subject 30'),(31,'Subject 31'),(32,'Subject 32'),(33,'Subject 33'),(34,'Subject 34'),(35,'Subject 35'),(36,'Subject 36'),(37,'Subject 37'),(38,'Subject 38'),(39,'Subject 39'),(40,'Subject 40'),(41,'Subject 41'),(42,'Subject 42'),(43,'Subject 43'),(44,'Subject 44'),(45,'Subject 45'),(46,'Subject 46'),(47,'Subject 47'),(48,'Subject 48'),(49,'Subject 49'),(50,'Subject 50'),(51,'Subject 51'),(52,'Subject 52'),(53,'Subject 53'),(54,'Subject 54'),(55,'Subject 55'),(56,'Subject 56'),(57,'Subject 57'),(58,'Subject 58'),(59,'Subject 59'),(60,'Subject 60'),(61,'Subject 61'),(62,'Subject 62'),(63,'Subject 63'),(64,'Subject 64'),(65,'Subject 65'),(66,'Subject 66'),(67,'Subject 67'),(68,'Subject 68'),(69,'Subject 69'),(70,'Subject 70'),(71,'Subject 71'),(72,'Subject 72'),(73,'Subject 73'),(74,'Subject 74'),(75,'Subject 75'),(76,'Subject 76'),(77,'Subject 77'),(78,'Subject 78'),(79,'Subject 79'),(80,'Subject 80'),(81,'Subject 81'),(82,'Subject 82'),(83,'Subject 83'),(84,'Subject 84'),(85,'Subject 85'),(86,'Subject 86'),(87,'Subject 87'),(88,'Subject 88'),(89,'Subject 89'),(90,'Subject 90'),(91,'Subject 91'),(92,'Subject 92'),(93,'Subject 93'),(94,'Subject 94'),(95,'Subject 95'),(96,'Subject 96'),(97,'Subject 97'),(98,'Subject 98'),(99,'Subject 99'),(100,'Subject 100'),(101,'Subject 101'),(102,'Subject 102'),(103,'Subject 103'),(104,'Subject 104'),(105,'Subject 105'),(106,'Subject 106'),(107,'Subject 107'),(108,'Subject 108'),(109,'Subject 109'),(110,'Subject 110'),(111,'Subject 111'),(112,'Subject 112'),(113,'Subject 113'),(114,'Subject 114'),(115,'Subject 115'),(116,'Subject 116'),(117,'Subject 117'),(118,'Subject 118'),(119,'Subject 119'),(120,'Subject 120'),(121,'Subject 121'),(122,'Subject 122'),(123,'Subject 123'),(124,'Subject 124'),(125,'Subject 125'),(126,'Subject 126'),(127,'Subject 127'),(128,'Subject 128'),(129,'Subject 129'),(130,'Subject 130'),(131,'Subject 131'),(132,'Subject 132'),(133,'Subject 133'),(134,'Subject 134'),(135,'Subject 135'),(136,'Subject 136'),(137,'Subject 137'),(138,'Subject 138'),(139,'Subject 139'),(140,'Subject 140'),(141,'Subject 141'),(142,'Subject 142'),(143,'Subject 143'),(144,'Subject 144'),(145,'Subject 145'),(146,'Subject 146'),(147,'Subject 147'),(148,'Subject 148'),(149,'Subject 149'),(150,'Subject 150'),(151,'Subject 151'),(152,'Subject 152'),(153,'Subject 153'),(154,'Subject 154'),(155,'Subject 155'),(156,'Subject 156'),(157,'Subject 157'),(158,'Subject 158'),(159,'Subject 159'),(160,'Subject 160'),(161,'Subject 161'),(162,'Subject 162'),(163,'Subject 163'),(164,'Subject 164'),(165,'Subject 165'),(166,'Subject 166'),(167,'Subject 167'),(168,'Subject 168'),(169,'Subject 169'),(170,'Subject 170'),(171,'Subject 171'),(172,'Subject 172'),(173,'Subject 173'),(174,'Subject 174'),(175,'Subject 175'),(176,'Subject 176'),(177,'Subject 177'),(178,'Subject 178'),(179,'Subject 179'),(180,'Subject 180'),(181,'Subject 181'),(182,'Subject 182'),(183,'Subject 183'),(184,'Subject 184'),(185,'Subject 185'),(186,'Subject 186'),(187,'Subject 187'),(188,'Subject 188'),(189,'Subject 189'),(190,'Subject 190'),(191,'Subject 191'),(192,'Subject 192'),(193,'Subject 193'),(194,'Subject 194'),(195,'Subject 195'),(196,'Subject 196'),(197,'Subject 197'),(198,'Subject 198'),(199,'Subject 199'),(200,'Subject 200'),(201,'Subject 201'),(202,'Subject 202'),(203,'Subject 203'),(204,'Subject 204'),(205,'Subject 205'),(206,'Subject 206'),(207,'Subject 207'),(208,'Subject 208'),(209,'Subject 209'),(210,'Subject 210'),(211,'Subject 211'),(212,'Subject 212'),(213,'Subject 213'),(214,'Subject 214'),(215,'Subject 215'),(216,'Subject 216'),(217,'Subject 217'),(218,'Subject 218'),(219,'Subject 219'),(220,'Subject 220'),(221,'Subject 221'),(222,'Subject 222'),(223,'Subject 223'),(224,'Subject 224'),(225,'Subject 225'),(226,'Subject 226'),(227,'Subject 227'),(228,'Subject 228'),(229,'Subject 229'),(230,'Subject 230'),(231,'Subject 231'),(232,'Subject 232'),(233,'Subject 233'),(234,'Subject 234'),(235,'Subject 235'),(236,'Subject 236'),(237,'Subject 237'),(238,'Subject 238'),(239,'Subject 239'),(240,'Subject 240'),(241,'Subject 241'),(242,'Subject 242'),(243,'Subject 243'),(244,'Subject 244'),(245,'Subject 245'),(246,'Subject 246'),(247,'Subject 247'),(248,'Subject 248'),(249,'Subject 249'),(250,'Subject 250'),(251,'Subject 251'),(252,'Subject 252'),(253,'Subject 253'),(254,'Subject 254'),(255,'Subject 255'),(256,'Subject 256'),(257,'Subject 257'),(258,'Subject 258'),(259,'Subject 259'),(260,'Subject 260'),(261,'Subject 261'),(262,'Subject 262'),(263,'Subject 263'),(264,'Subject 264'),(265,'Subject 265'),(266,'Subject 266'),(267,'Subject 267'),(268,'Subject 268'),(269,'Subject 269'),(270,'Subject 270'),(271,'Subject 271'),(272,'Subject 272'),(273,'Subject 273'),(274,'Subject 274'),(275,'Subject 275'),(276,'Subject 276'),(277,'Subject 277'),(278,'Subject 278'),(279,'Subject 279'),(280,'Subject 280'),(281,'Subject 281'),(282,'Subject 282'),(283,'Subject 283'),(284,'Subject 284'),(285,'Subject 285'),(286,'Subject 286'),(287,'Subject 287'),(288,'Subject 288'),(289,'Subject 289'),(290,'Subject 290'),(291,'Subject 291'),(292,'Subject 292'),(293,'Subject 293'),(294,'Subject 294'),(295,'Subject 295'),(296,'Subject 296'),(297,'Subject 297'),(298,'Subject 298'),(299,'Subject 299'),(300,'Subject 300'),(301,'Subject 301'),(302,'Subject 302'),(303,'Subject 303'),(304,'Subject 304'),(305,'Subject 305'),(306,'Subject 306'),(307,'Subject 307'),(308,'Subject 308'),(309,'Subject 309'),(310,'Subject 310'),(311,'Subject 311'),(312,'Subject 312'),(313,'Subject 313'),(314,'Subject 314'),(315,'Subject 315'),(316,'Subject 316'),(317,'Subject 317'),(318,'Subject 318'),(319,'Subject 319'),(320,'Subject 320'),(321,'Subject 321'),(322,'Subject 322'),(323,'Subject 323'),(324,'Subject 324'),(325,'Subject 325'),(326,'Subject 326'),(327,'Subject 327'),(328,'Subject 328'),(329,'Subject 329'),(330,'Subject 330'),(331,'Subject 331'),(332,'Subject 332'),(333,'Subject 333'),(334,'Subject 334'),(335,'Subject 335'),(336,'Subject 336'),(337,'Subject 337'),(338,'Subject 338'),(339,'Subject 339'),(340,'Subject 340'),(341,'Subject 341'),(342,'Subject 342'),(343,'Subject 343'),(344,'Subject 344'),(345,'Subject 345'),(346,'Subject 346'),(347,'Subject 347'),(348,'Subject 348'),(349,'Subject 349'),(350,'Subject 350'),(351,'Subject 351'),(352,'Subject 352'),(353,'Subject 353'),(354,'Subject 354'),(355,'Subject 355'),(356,'Subject 356'),(357,'Subject 357'),(358,'Subject 358'),(359,'Subject 359'),(360,'Subject 360'),(361,'Subject 361'),(362,'Subject 362'),(363,'Subject 363'),(364,'Subject 364'),(365,'Subject 365'),(366,'Subject 366'),(367,'Subject 367'),(368,'Subject 368'),(369,'Subject 369'),(370,'Subject 370'),(371,'Subject 371'),(372,'Subject 372'),(373,'Subject 373'),(374,'Subject 374'),(375,'Subject 375'),(376,'Subject 376'),(377,'Subject 377'),(378,'Subject 378'),(379,'Subject 379'),(380,'Subject 380'),(381,'Subject 381'),(382,'Subject 382'),(383,'Subject 383'),(384,'Subject 384'),(385,'Subject 385'),(386,'Subject 386'),(387,'Subject 387'),(388,'Subject 388'),(389,'Subject 389'),(390,'Subject 390'),(391,'Subject 391'),(392,'Subject 392'),(393,'Subject 393'),(394,'Subject 394'),(395,'Subject 395'),(396,'Subject 396'),(397,'Subject 397'),(398,'Subject 398'),(399,'Subject 399'),(400,'Subject 400'),(401,'Subject 401'),(402,'Subject 402'),(403,'Subject 403'),(404,'Subject 404'),(405,'Subject 405'),(406,'Subject 406'),(407,'Subject 407'),(408,'Subject 408'),(409,'Subject 409'),(410,'Subject 410'),(411,'Subject 411'),(412,'Subject 412'),(413,'Subject 413'),(414,'Subject 414'),(415,'Subject 415'),(416,'Subject 416'),(417,'Subject 417'),(418,'Subject 418'),(419,'Subject 419'),(420,'Subject 420'),(421,'Subject 421'),(422,'Subject 422'),(423,'Subject 423'),(424,'Subject 424'),(425,'Subject 425'),(426,'Subject 426'),(427,'Subject 427'),(428,'Subject 428'),(429,'Subject 429'),(430,'Subject 430'),(431,'Subject 431'),(432,'Subject 432'),(433,'Subject 433'),(434,'Subject 434'),(435,'Subject 435'),(436,'Subject 436'),(437,'Subject 437'),(438,'Subject 438'),(439,'Subject 439'),(440,'Subject 440'),(441,'Subject 441'),(442,'Subject 442'),(443,'Subject 443'),(444,'Subject 444'),(445,'Subject 445'),(446,'Subject 446'),(447,'Subject 447'),(448,'Subject 448'),(449,'Subject 449'),(450,'Subject 450'),(451,'Subject 451'),(452,'Subject 452'),(453,'Subject 453'),(454,'Subject 454'),(455,'Subject 455'),(456,'Subject 456'),(457,'Subject 457'),(458,'Subject 458'),(459,'Subject 459'),(460,'Subject 460'),(461,'Subject 461'),(462,'Subject 462'),(463,'Subject 463'),(464,'Subject 464'),(465,'Subject 465'),(466,'Subject 466'),(467,'Subject 467'),(468,'Subject 468'),(469,'Subject 469'),(470,'Subject 470'),(471,'Subject 471'),(472,'Subject 472'),(473,'Subject 473'),(474,'Subject 474'),(475,'Subject 475'),(476,'Subject 476'),(477,'Subject 477'),(478,'Subject 478'),(479,'Subject 479'),(480,'Subject 480'),(481,'Subject 481'),(482,'Subject 482'),(483,'Subject 483'),(484,'Subject 484'),(485,'Subject 485'),(486,'Subject 486'),(487,'Subject 487'),(488,'Subject 488'),(489,'Subject 489'),(490,'Subject 490'),(491,'Subject 491'),(492,'Subject 492'),(493,'Subject 493'),(494,'Subject 494'),(495,'Subject 495'),(496,'Subject 496'),(497,'Subject 497'),(498,'Subject 498'),(499,'Subject 499'),(500,'Subject 500'),(501,'Subject 501'),(502,'Subject 502'),(503,'Subject 503'),(504,'Subject 504'),(505,'Subject 505'),(506,'Subject 506'),(507,'Subject 507'),(508,'Subject 508'),(509,'Subject 509'),(510,'Subject 510');
/*!40000 ALTER TABLE `subjects` ENABLE KEYS */;
UNLOCK TABLES;

--
-- Table structure for table `teachers`
--

DROP TABLE IF EXISTS `teachers`;
/*!40101 SET @saved_cs_client     = @@character_set_client */;
/*!50503 SET character_set_client = utf8mb4 */;
CREATE TABLE `teachers` (
  `TeacherID` int NOT NULL AUTO_INCREMENT,
  `TeacherName` varchar(100) NOT NULL,
  `SubjectID` int DEFAULT NULL,
  `Email` varchar(100) DEFAULT NULL,
  PRIMARY KEY (`TeacherID`),
  KEY `SubjectID` (`SubjectID`),
  KEY `idx_teacher_name` (`TeacherName`),
  CONSTRAINT `teachers_ibfk_1` FOREIGN KEY (`SubjectID`) REFERENCES `subjects` (`SubjectID`)
) ENGINE=InnoDB AUTO_INCREMENT=511 DEFAULT CHARSET=utf8mb4 COLLATE=utf8mb4_0900_ai_ci;
/*!40101 SET character_set_client = @saved_cs_client */;

--
-- Dumping data for table `teachers`
--

LOCK TABLES `teachers` WRITE;
/*!40000 ALTER TABLE `teachers` DISABLE KEYS */;
INSERT INTO `teachers` VALUES (1,'Teacher 1',57,'teacher1@school.edu'),(2,'Teacher 2',169,'teacher2@school.edu'),(3,'Teacher 3',451,'teacher3@school.edu'),(4,'Teacher 4',186,'teacher4@school.edu'),(5,'Teacher 5',159,'teacher5@school.edu'),(6,'Teacher 6',402,NULL),(7,'Teacher 7',99,NULL),(8,'Teacher 8',292,'teacher8@school.edu'),(9,'Teacher 9',503,NULL),(10,'Teacher 10',16,'teacher10@school.edu'),(11,'Teacher 11',456,'teacher11@school.edu'),(12,'Teacher 12',422,'teacher12@school.edu'),(13,'Teacher 13',96,'teacher13@school.edu'),(14,'Teacher 14',204,'teacher14@school.edu'),(15,'Teacher 15',179,'teacher15@school.edu'),(16,'Teacher 16',343,NULL),(17,'Teacher 17',389,'teacher17@school.edu'),(18,'Teacher 18',NULL,'teacher18@school.edu'),(19,'Teacher 19',394,'teacher19@school.edu'),(20,'Teacher 20',250,'teacher20@school.edu'),(21,'Teacher 21',311,'teacher21@school.edu'),(22,'Teacher 22',149,NULL),(23,'Teacher 23',224,'teacher23@school.edu'),(24,'Teacher 24',54,'teacher24@school.edu'),(25,'Teacher 25',214,'teacher25@school.edu'),(26,'Teacher 26',202,'teacher26@school.edu'),(27,'Teacher 27',214,'teacher27@school.edu'),(28,'Teacher 28',16,'teacher28@school.edu'),(29,'Teacher 29',NULL,'teacher29@school.edu'),(30,'Teacher 30',NULL,'teacher30@school.edu'),(31,'Teacher 31',77,'teacher31@school.edu'),(32,'Teacher 32',387,'teacher32@school.edu'),(33,'Teacher 33',283,'teacher33@school.edu'),(34,'Teacher 34',84,'teacher34@school.edu'),(35,'Teacher 35',41,'teacher35@school.edu'),(36,'Teacher 36',369,'teacher36@school.edu'),(37,'Teacher 37',55,'teacher37@school.edu'),(38,'Teacher 38',35,NULL),(39,'Teacher 39',226,'teacher39@school.edu'),(40,'Teacher 40',122,'teacher40@school.edu'),(41,'Teacher 41',170,'teacher41@school.edu'),(42,'Teacher 42',92,'teacher42@school.edu'),(43,'Teacher 43',477,'teacher43@school.edu'),(44,'Teacher 44',459,'teacher44@school.edu'),(45,'Teacher 45',302,NULL),(46,'Teacher 46',442,'teacher46@school.edu'),(47,'Teacher 47',296,'teacher47@school.edu'),(48,'Teacher 48',236,NULL),(49,'Teacher 49',468,'teacher49@school.edu'),(50,'Teacher 50',216,'teacher50@school.edu'),(51,'Teacher 51',294,'teacher51@school.edu'),(52,'Teacher 52',156,NULL),(53,'Teacher 53',182,'teacher53@school.edu'),(54,'Teacher 54',86,'teacher54@school.edu'),(55,'Teacher 55',164,NULL),(56,'Teacher 56',5,'teacher56@school.edu'),(57,'Teacher 57',58,'teacher57@school.edu'),(58,'Teacher 58',159,'teacher58@school.edu'),(59,'Teacher 59',87,'teacher59@school.edu'),(60,'Teacher 60',35,'teacher60@school.edu'),(61,'Teacher 61',468,'teacher61@school.edu'),(62,'Teacher 62',255,'teacher62@school.edu'),(63,'Teacher 63',140,'teacher63@school.edu'),(64,'Teacher 64',398,'teacher64@school.edu'),(65,'Teacher 65',337,NULL),(66,'Teacher 66',19,'teacher66@school.edu'),(67,'Teacher 67',346,'teacher67@school.edu'),(68,'Teacher 68',15,NULL),(69,'Teacher 69',506,NULL),(70,'Teacher 70',486,NULL),(71,'Teacher 71',298,'teacher71@school.edu'),(72,'Teacher 72',200,NULL),(73,'Teacher 73',507,NULL),(74,'Teacher 74',386,NULL),(75,'Teacher 75',492,'teacher75@school.edu'),(76,'Teacher 76',53,'teacher76@school.edu'),(77,'Teacher 77',510,NULL),(78,'Teacher 78',NULL,'teacher78@school.edu'),(79,'Teacher 79',265,'teacher79@school.edu'),(80,'Teacher 80',127,'teacher80@school.edu'),(81,'Teacher 81',389,'teacher81@school.edu'),(82,'Teacher 82',181,'teacher82@school.edu'),(83,'Teacher 83',175,'teacher83@school.edu'),(84,'Teacher 84',434,'teacher84@school.edu'),(85,'Teacher 85',57,'teacher85@school.edu'),(86,'Teacher 86',27,'teacher86@school.edu'),(87,'Teacher 87',286,NULL),(88,'Teacher 88',473,'teacher88@school.edu'),(89,'Teacher 89',206,'teacher89@school.edu'),(90,'Teacher 90',171,'teacher90@school.edu'),(91,'Teacher 91',479,'teacher91@school.edu'),(92,'Teacher 92',60,'teacher92@school.edu'),(93,'Teacher 93',371,'teacher93@school.edu'),(94,'Teacher 94',304,'teacher94@school.edu'),(95,'Teacher 95',325,'teacher95@school.edu'),(96,'Teacher 96',345,'teacher96@school.edu'),(97,'Teacher 97',369,'teacher97@school.edu'),(98,'Teacher 98',170,'teacher98@school.edu'),(99,'Teacher 99',420,'teacher99@school.edu'),(100,'Teacher 100',496,'teacher100@school.edu'),(101,'Teacher 101',2,'teacher101@school.edu'),(102,'Teacher 102',474,'teacher102@school.edu'),(103,'Teacher 103',148,'teacher103@school.edu'),(104,'Teacher 104',NULL,'teacher104@school.edu'),(105,'Teacher 105',17,'teacher105@school.edu'),(106,'Teacher 106',448,'teacher106@school.edu'),(107,'Teacher 107',490,'teacher107@school.edu'),(108,'Teacher 108',389,'teacher108@school.edu'),(109,'Teacher 109',502,'teacher109@school.edu'),(110,'Teacher 110',NULL,NULL),(111,'Teacher 111',394,NULL),(112,'Teacher 112',256,NULL),(113,'Teacher 113',237,'teacher113@school.edu'),(114,'Teacher 114',287,'teacher114@school.edu'),(115,'Teacher 115',504,NULL),(116,'Teacher 116',87,'teacher116@school.edu'),(117,'Teacher 117',254,'teacher117@school.edu'),(118,'Teacher 118',261,'teacher118@school.edu'),(119,'Teacher 119',21,'teacher119@school.edu'),(120,'Teacher 120',NULL,'teacher120@school.edu'),(121,'Teacher 121',403,NULL),(122,'Teacher 122',186,'teacher122@school.edu'),(123,'Teacher 123',255,'teacher123@school.edu'),(124,'Teacher 124',160,'teacher124@school.edu'),(125,'Teacher 125',220,'teacher125@school.edu'),(126,'Teacher 126',460,'teacher126@school.edu'),(127,'Teacher 127',NULL,'teacher127@school.edu'),(128,'Teacher 128',93,NULL),(129,'Teacher 129',397,'teacher129@school.edu'),(130,'Teacher 130',151,NULL),(131,'Teacher 131',117,'teacher131@school.edu'),(132,'Teacher 132',NULL,'teacher132@school.edu'),(133,'Teacher 133',159,'teacher133@school.edu'),(134,'Teacher 134',92,NULL),(135,'Teacher 135',270,NULL),(136,'Teacher 136',71,'teacher136@school.edu'),(137,'Teacher 137',226,'teacher137@school.edu'),(138,'Teacher 138',359,'teacher138@school.edu'),(139,'Teacher 139',134,'teacher139@school.edu'),(140,'Teacher 140',221,'teacher140@school.edu'),(141,'Teacher 141',200,'teacher141@school.edu'),(142,'Teacher 142',22,'teacher142@school.edu'),(143,'Teacher 143',229,'teacher143@school.edu'),(144,'Teacher 144',66,'teacher144@school.edu'),(145,'Teacher 145',335,NULL),(146,'Teacher 146',253,'teacher146@school.edu'),(147,'Teacher 147',289,'teacher147@school.edu'),(148,'Teacher 148',37,'teacher148@school.edu'),(149,'Teacher 149',60,NULL),(150,'Teacher 150',383,'teacher150@school.edu'),(151,'Teacher 151',171,'teacher151@school.edu'),(152,'Teacher 152',247,'teacher152@school.edu'),(153,'Teacher 153',144,NULL),(154,'Teacher 154',224,'teacher154@school.edu'),(155,'Teacher 155',486,NULL),(156,'Teacher 156',421,'teacher156@school.edu'),(157,'Teacher 157',188,'teacher157@school.edu'),(158,'Teacher 158',463,'teacher158@school.edu'),(159,'Teacher 159',163,'teacher159@school.edu'),(160,'Teacher 160',146,'teacher160@school.edu'),(161,'Teacher 161',42,'teacher161@school.edu'),(162,'Teacher 162',407,'teacher162@school.edu'),(163,'Teacher 163',4,'teacher163@school.edu'),(164,'Teacher 164',207,'teacher164@school.edu'),(165,'Teacher 165',355,'teacher165@school.edu'),(166,'Teacher 166',478,'teacher166@school.edu'),(167,'Teacher 167',202,'teacher167@school.edu'),(168,'Teacher 168',463,'teacher168@school.edu'),(169,'Teacher 169',386,'teacher169@school.edu'),(170,'Teacher 170',458,NULL),(171,'Teacher 171',476,NULL),(172,'Teacher 172',40,'teacher172@school.edu'),(173,'Teacher 173',368,'teacher173@school.edu'),(174,'Teacher 174',281,NULL),(175,'Teacher 175',96,'teacher175@school.edu'),(176,'Teacher 176',349,'teacher176@school.edu'),(177,'Teacher 177',413,'teacher177@school.edu'),(178,'Teacher 178',51,'teacher178@school.edu'),(179,'Teacher 179',60,'teacher179@school.edu'),(180,'Teacher 180',229,'teacher180@school.edu'),(181,'Teacher 181',339,'teacher181@school.edu'),(182,'Teacher 182',122,'teacher182@school.edu'),(183,'Teacher 183',108,NULL),(184,'Teacher 184',374,'teacher184@school.edu'),(185,'Teacher 185',259,'teacher185@school.edu'),(186,'Teacher 186',38,'teacher186@school.edu'),(187,'Teacher 187',NULL,'teacher187@school.edu'),(188,'Teacher 188',112,'teacher188@school.edu'),(189,'Teacher 189',350,'teacher189@school.edu'),(190,'Teacher 190',319,'teacher190@school.edu'),(191,'Teacher 191',200,'teacher191@school.edu'),(192,'Teacher 192',50,NULL),(193,'Teacher 193',199,NULL),(194,'Teacher 194',281,'teacher194@school.edu'),(195,'Teacher 195',193,'teacher195@school.edu'),(196,'Teacher 196',161,'teacher196@school.edu'),(197,'Teacher 197',302,'teacher197@school.edu'),(198,'Teacher 198',7,'teacher198@school.edu'),(199,'Teacher 199',379,'teacher199@school.edu'),(200,'Teacher 200',62,'teacher200@school.edu'),(201,'Teacher 201',349,'teacher201@school.edu'),(202,'Teacher 202',299,'teacher202@school.edu'),(203,'Teacher 203',92,'teacher203@school.edu'),(204,'Teacher 204',152,NULL),(205,'Teacher 205',33,'teacher205@school.edu'),(206,'Teacher 206',6,'teacher206@school.edu'),(207,'Teacher 207',283,'teacher207@school.edu'),(208,'Teacher 208',501,'teacher208@school.edu'),(209,'Teacher 209',505,NULL),(210,'Teacher 210',166,'teacher210@school.edu'),(211,'Teacher 211',NULL,'teacher211@school.edu'),(212,'Teacher 212',377,'teacher212@school.edu'),(213,'Teacher 213',19,'teacher213@school.edu'),(214,'Teacher 214',440,'teacher214@school.edu'),(215,'Teacher 215',210,'teacher215@school.edu'),(216,'Teacher 216',144,'teacher216@school.edu'),(217,'Teacher 217',274,'teacher217@school.edu'),(218,'Teacher 218',299,'teacher218@school.edu'),(219,'Teacher 219',152,NULL),(220,'Teacher 220',102,NULL),(221,'Teacher 221',458,'teacher221@school.edu'),(222,'Teacher 222',45,'teacher222@school.edu'),(223,'Teacher 223',71,NULL),(224,'Teacher 224',319,'teacher224@school.edu'),(225,'Teacher 225',85,'teacher225@school.edu'),(226,'Teacher 226',104,'teacher226@school.edu'),(227,'Teacher 227',383,'teacher227@school.edu'),(228,'Teacher 228',480,'teacher228@school.edu'),(229,'Teacher 229',144,'teacher229@school.edu'),(230,'Teacher 230',88,NULL),(231,'Teacher 231',119,'teacher231@school.edu'),(232,'Teacher 232',270,'teacher232@school.edu'),(233,'Teacher 233',301,'teacher233@school.edu'),(234,'Teacher 234',224,'teacher234@school.edu'),(235,'Teacher 235',95,'teacher235@school.edu'),(236,'Teacher 236',173,'teacher236@school.edu'),(237,'Teacher 237',276,'teacher237@school.edu'),(238,'Teacher 238',202,'teacher238@school.edu'),(239,'Teacher 239',188,'teacher239@school.edu'),(240,'Teacher 240',249,'teacher240@school.edu'),(241,'Teacher 241',169,'teacher241@school.edu'),(242,'Teacher 242',NULL,'teacher242@school.edu'),(243,'Teacher 243',237,'teacher243@school.edu'),(244,'Teacher 244',474,'teacher244@school.edu'),(245,'Teacher 245',111,'teacher245@school.edu'),(246,'Teacher 246',326,'teacher246@school.edu'),(247,'Teacher 247',247,'teacher247@school.edu'),(248,'Teacher 248',328,NULL),(249,'Teacher 249',417,NULL),(250,'Teacher 250',275,'teacher250@school.edu'),(251,'Teacher 251',248,'teacher251@school.edu'),(252,'Teacher 252',289,'teacher252@school.edu'),(253,'Teacher 253',448,'teacher253@school.edu'),(254,'Teacher 254',15,'teacher254@school.edu'),(255,'Teacher 255',460,'teacher255@school.edu'),(256,'Teacher 256',443,'teacher256@school.edu'),(257,'Teacher 257',448,'teacher257@school.edu'),(258,'Teacher 258',73,'teacher258@school.edu'),(259,'Teacher 259',22,'teacher259@school.edu'),(260,'Teacher 260',307,'teacher260@school.edu'),(261,'Teacher 261',317,'teacher261@school.edu'),(262,'Teacher 262',219,'teacher262@school.edu'),(263,'Teacher 263',148,'teacher263@school.edu'),(264,'Teacher 264',398,NULL),(265,'Teacher 265',451,'teacher265@school.edu'),(266,'Teacher 266',345,'teacher266@school.edu'),(267,'Teacher 267',122,NULL),(268,'Teacher 268',350,'teacher268@school.edu'),(269,'Teacher 269',305,'teacher269@school.edu'),(270,'Teacher 270',233,NULL),(271,'Teacher 271',62,'teacher271@school.edu'),(272,'Teacher 272',142,'teacher272@school.edu'),(273,'Teacher 273',26,'teacher273@school.edu'),(274,'Teacher 274',34,'teacher274@school.edu'),(275,'Teacher 275',60,'teacher275@school.edu'),(276,'Teacher 276',249,'teacher276@school.edu'),(277,'Teacher 277',185,'teacher277@school.edu'),(278,'Teacher 278',378,'teacher278@school.edu'),(279,'Teacher 279',33,'teacher279@school.edu'),(280,'Teacher 280',311,'teacher280@school.edu'),(281,'Teacher 281',370,NULL),(282,'Teacher 282',464,'teacher282@school.edu'),(283,'Teacher 283',270,'teacher283@school.edu'),(284,'Teacher 284',184,'teacher284@school.edu'),(285,'Teacher 285',404,'teacher285@school.edu'),(286,'Teacher 286',123,'teacher286@school.edu'),(287,'Teacher 287',36,'teacher287@school.edu'),(288,'Teacher 288',NULL,'teacher288@school.edu'),(289,'Teacher 289',7,'teacher289@school.edu'),(290,'Teacher 290',60,'teacher290@school.edu'),(291,'Teacher 291',93,NULL),(292,'Teacher 292',360,'teacher292@school.edu'),(293,'Teacher 293',508,'teacher293@school.edu'),(294,'Teacher 294',431,'teacher294@school.edu'),(295,'Teacher 295',383,'teacher295@school.edu'),(296,'Teacher 296',NULL,'teacher296@school.edu'),(297,'Teacher 297',NULL,'teacher297@school.edu'),(298,'Teacher 298',448,'teacher298@school.edu'),(299,'Teacher 299',336,'teacher299@school.edu'),(300,'Teacher 300',7,'teacher300@school.edu'),(301,'Teacher 301',199,NULL),(302,'Teacher 302',425,'teacher302@school.edu'),(303,'Teacher 303',175,'teacher303@school.edu'),(304,'Teacher 304',279,'teacher304@school.edu'),(305,'Teacher 305',157,'teacher305@school.edu'),(306,'Teacher 306',33,'teacher306@school.edu'),(307,'Teacher 307',157,'teacher307@school.edu'),(308,'Teacher 308',51,'teacher308@school.edu'),(309,'Teacher 309',13,NULL),(310,'Teacher 310',268,'teacher310@school.edu'),(311,'Teacher 311',NULL,NULL),(312,'Teacher 312',106,'teacher312@school.edu'),(313,'Teacher 313',256,'teacher313@school.edu'),(314,'Teacher 314',87,'teacher314@school.edu'),(315,'Teacher 315',408,'teacher315@school.edu'),(316,'Teacher 316',125,'teacher316@school.edu'),(317,'Teacher 317',192,'teacher317@school.edu'),(318,'Teacher 318',370,'teacher318@school.edu'),(319,'Teacher 319',119,'teacher319@school.edu'),(320,'Teacher 320',380,'teacher320@school.edu'),(321,'Teacher 321',66,'teacher321@school.edu'),(322,'Teacher 322',59,'teacher322@school.edu'),(323,'Teacher 323',479,'teacher323@school.edu'),(324,'Teacher 324',32,'teacher324@school.edu'),(325,'Teacher 325',NULL,'teacher325@school.edu'),(326,'Teacher 326',99,'teacher326@school.edu'),(327,'Teacher 327',18,'teacher327@school.edu'),(328,'Teacher 328',427,'teacher328@school.edu'),(329,'Teacher 329',489,'teacher329@school.edu'),(330,'Teacher 330',465,'teacher330@school.edu'),(331,'Teacher 331',333,'teacher331@school.edu'),(332,'Teacher 332',347,'teacher332@school.edu'),(333,'Teacher 333',93,'teacher333@school.edu'),(334,'Teacher 334',205,'teacher334@school.edu'),(335,'Teacher 335',484,'teacher335@school.edu'),(336,'Teacher 336',39,NULL),(337,'Teacher 337',352,'teacher337@school.edu'),(338,'Teacher 338',36,'teacher338@school.edu'),(339,'Teacher 339',391,'teacher339@school.edu'),(340,'Teacher 340',154,NULL),(341,'Teacher 341',506,'teacher341@school.edu'),(342,'Teacher 342',222,NULL),(343,'Teacher 343',427,'teacher343@school.edu'),(344,'Teacher 344',328,'teacher344@school.edu'),(345,'Teacher 345',382,'teacher345@school.edu'),(346,'Teacher 346',255,'teacher346@school.edu'),(347,'Teacher 347',NULL,'teacher347@school.edu'),(348,'Teacher 348',29,'teacher348@school.edu'),(349,'Teacher 349',454,NULL),(350,'Teacher 350',346,'teacher350@school.edu'),(351,'Teacher 351',290,NULL),(352,'Teacher 352',485,'teacher352@school.edu'),(353,'Teacher 353',264,'teacher353@school.edu'),(354,'Teacher 354',146,'teacher354@school.edu'),(355,'Teacher 355',193,'teacher355@school.edu'),(356,'Teacher 356',463,'teacher356@school.edu'),(357,'Teacher 357',301,'teacher357@school.edu'),(358,'Teacher 358',333,'teacher358@school.edu'),(359,'Teacher 359',139,'teacher359@school.edu'),(360,'Teacher 360',428,'teacher360@school.edu'),(361,'Teacher 361',248,'teacher361@school.edu'),(362,'Teacher 362',479,'teacher362@school.edu'),(363,'Teacher 363',361,'teacher363@school.edu'),(364,'Teacher 364',198,NULL),(365,'Teacher 365',218,'teacher365@school.edu'),(366,'Teacher 366',168,'teacher366@school.edu'),(367,'Teacher 367',281,'teacher367@school.edu'),(368,'Teacher 368',172,'teacher368@school.edu'),(369,'Teacher 369',260,'teacher369@school.edu'),(370,'Teacher 370',458,'teacher370@school.edu'),(371,'Teacher 371',31,'teacher371@school.edu'),(372,'Teacher 372',39,'teacher372@school.edu'),(373,'Teacher 373',21,'teacher373@school.edu'),(374,'Teacher 374',194,'teacher374@school.edu'),(375,'Teacher 375',56,'teacher375@school.edu'),(376,'Teacher 376',20,'teacher376@school.edu'),(377,'Teacher 377',131,'teacher377@school.edu'),(378,'Teacher 378',384,NULL),(379,'Teacher 379',427,'teacher379@school.edu'),(380,'Teacher 380',152,'teacher380@school.edu'),(381,'Teacher 381',351,'teacher381@school.edu'),(382,'Teacher 382',44,'teacher382@school.edu'),(383,'Teacher 383',494,'teacher383@school.edu'),(384,'Teacher 384',NULL,NULL),(385,'Teacher 385',385,'teacher385@school.edu'),(386,'Teacher 386',30,'teacher386@school.edu'),(387,'Teacher 387',55,'teacher387@school.edu'),(388,'Teacher 388',240,'teacher388@school.edu'),(389,'Teacher 389',NULL,'teacher389@school.edu'),(390,'Teacher 390',343,'teacher390@school.edu'),(391,'Teacher 391',478,'teacher391@school.edu'),(392,'Teacher 392',NULL,'teacher392@school.edu'),(393,'Teacher 393',484,'teacher393@school.edu'),(394,'Teacher 394',70,'teacher394@school.edu'),(395,'Teacher 395',206,'teacher395@school.edu'),(396,'Teacher 396',157,'teacher396@school.edu'),(397,'Teacher 397',NULL,NULL),(398,'Teacher 398',407,NULL),(399,'Teacher 399',319,'teacher399@school.edu'),(400,'Teacher 400',349,'teacher400@school.edu'),(401,'Teacher 401',97,NULL),(402,'Teacher 402',122,NULL),(403,'Teacher 403',NULL,NULL),(404,'Teacher 404',453,'teacher404@school.edu'),(405,'Teacher 405',208,'teacher405@school.edu'),(406,'Teacher 406',433,'teacher406@school.edu'),(407,'Teacher 407',337,'teacher407@school.edu'),(408,'Teacher 408',475,'teacher408@school.edu'),(409,'Teacher 409',336,'teacher409@school.edu'),(410,'Teacher 410',504,NULL),(411,'Teacher 411',NULL,'teacher411@school.edu'),(412,'Teacher 412',100,NULL),(413,'Teacher 413',470,'teacher413@school.edu'),(414,'Teacher 414',386,'teacher414@school.edu'),(415,'Teacher 415',61,'teacher415@school.edu'),(416,'Teacher 416',202,'teacher416@school.edu'),(417,'Teacher 417',227,'teacher417@school.edu'),(418,'Teacher 418',385,'teacher418@school.edu'),(419,'Teacher 419',289,'teacher419@school.edu'),(420,'Teacher 420',438,'teacher420@school.edu'),(421,'Teacher 421',106,'teacher421@school.edu'),(422,'Teacher 422',NULL,'teacher422@school.edu'),(423,'Teacher 423',297,'teacher423@school.edu'),(424,'Teacher 424',156,NULL),(425,'Teacher 425',352,'teacher425@school.edu'),(426,'Teacher 426',67,'teacher426@school.edu'),(427,'Teacher 427',139,NULL),(428,'Teacher 428',38,'teacher428@school.edu'),(429,'Teacher 429',349,'teacher429@school.edu'),(430,'Teacher 430',129,'teacher430@school.edu'),(431,'Teacher 431',242,'teacher431@school.edu'),(432,'Teacher 432',329,'teacher432@school.edu'),(433,'Teacher 433',283,'teacher433@school.edu'),(434,'Teacher 434',506,'teacher434@school.edu'),(435,'Teacher 435',325,'teacher435@school.edu'),(436,'Teacher 436',102,'teacher436@school.edu'),(437,'Teacher 437',314,'teacher437@school.edu'),(438,'Teacher 438',433,'teacher438@school.edu'),(439,'Teacher 439',347,NULL),(440,'Teacher 440',148,'teacher440@school.edu'),(441,'Teacher 441',24,'teacher441@school.edu'),(442,'Teacher 442',461,'teacher442@school.edu'),(443,'Teacher 443',247,'teacher443@school.edu'),(444,'Teacher 444',110,NULL),(445,'Teacher 445',335,NULL),(446,'Teacher 446',137,'teacher446@school.edu'),(447,'Teacher 447',109,'teacher447@school.edu'),(448,'Teacher 448',358,'teacher448@school.edu'),(449,'Teacher 449',335,'teacher449@school.edu'),(450,'Teacher 450',50,'teacher450@school.edu'),(451,'Teacher 451',244,'teacher451@school.edu'),(452,'Teacher 452',296,'teacher452@school.edu'),(453,'Teacher 453',330,'teacher453@school.edu'),(454,'Teacher 454',197,'teacher454@school.edu'),(455,'Teacher 455',77,'teacher455@school.edu'),(456,'Teacher 456',362,'teacher456@school.edu'),(457,'Teacher 457',428,'teacher457@school.edu'),(458,'Teacher 458',338,'teacher458@school.edu'),(459,'Teacher 459',110,'teacher459@school.edu'),(460,'Teacher 460',287,'teacher460@school.edu'),(461,'Teacher 461',210,'teacher461@school.edu'),(462,'Teacher 462',127,'teacher462@school.edu'),(463,'Teacher 463',358,'teacher463@school.edu'),(464,'Teacher 464',429,'teacher464@school.edu'),(465,'Teacher 465',79,NULL),(466,'Teacher 466',118,NULL),(467,'Teacher 467',398,'teacher467@school.edu'),(468,'Teacher 468',322,'teacher468@school.edu'),(469,'Teacher 469',186,'teacher469@school.edu'),(470,'Teacher 470',143,'teacher470@school.edu'),(471,'Teacher 471',396,'teacher471@school.edu'),(472,'Teacher 472',271,NULL),(473,'Teacher 473',475,'teacher473@school.edu'),(474,'Teacher 474',359,'teacher474@school.edu'),(475,'Teacher 475',371,'teacher475@school.edu'),(476,'Teacher 476',154,NULL),(477,'Teacher 477',46,'teacher477@school.edu'),(478,'Teacher 478',99,'teacher478@school.edu'),(479,'Teacher 479',374,'teacher479@school.edu'),(480,'Teacher 480',443,'teacher480@school.edu'),(481,'Teacher 481',376,NULL),(482,'Teacher 482',37,'teacher482@school.edu'),(483,'Teacher 483',396,'teacher483@school.edu'),(484,'Teacher 484',1,'teacher484@school.edu'),(485,'Teacher 485',35,NULL),(486,'Teacher 486',192,'teacher486@school.edu'),(487,'Teacher 487',NULL,NULL),(488,'Teacher 488',233,'teacher488@school.edu'),(489,'Teacher 489',156,'teacher489@school.edu'),(490,'Teacher 490',93,'teacher490@school.edu'),(491,'Teacher 491',422,'teacher491@school.edu'),(492,'Teacher 492',216,NULL),(493,'Teacher 493',487,'teacher493@school.edu'),(494,'Teacher 494',130,'teacher494@school.edu'),(495,'Teacher 495',369,'teacher495@school.edu'),(496,'Teacher 496',212,'teacher496@school.edu'),(497,'Teacher 497',26,'teacher497@school.edu'),(498,'Teacher 498',447,'teacher498@school.edu'),(499,'Teacher 499',21,'teacher499@school.edu'),(500,'Teacher 500',59,'teacher500@school.edu'),(501,'Teacher 501',56,'teacher501@school.edu'),(502,'Teacher 502',40,'teacher502@school.edu'),(503,'Teacher 503',380,'teacher503@school.edu'),(504,'Teacher 504',164,'teacher504@school.edu'),(505,'Teacher 505',98,'teacher505@school.edu'),(506,'Teacher 506',NULL,NULL),(507,'Teacher 507',400,'teacher507@school.edu'),(508,'Teacher 508',353,'teacher508@school.edu'),(509,'Teacher 509',162,'teacher509@school.edu'),(510,'Teacher 510',433,NULL);
/*!40000 ALTER TABLE `teachers` ENABLE KEYS */;
UNLOCK TABLES;

--
-- Temporary view structure for view `viewclassroster`
--

DROP TABLE IF EXISTS `viewclassroster`;
/*!50001 DROP VIEW IF EXISTS `viewclassroster`*/;
SET @saved_cs_client     = @@character_set_client;
/*!50503 SET character_set_client = utf8mb4 */;
/*!50001 CREATE VIEW `viewclassroster` AS SELECT 
 1 AS `ClassName`,
 1 AS `StudentName`,
 1 AS `Address`*/;
SET character_set_client = @saved_cs_client;

--
-- Temporary view structure for view `viewtopstudents`
--

DROP TABLE IF EXISTS `viewtopstudents`;
/*!50001 DROP VIEW IF EXISTS `viewtopstudents`*/;
SET @saved_cs_client     = @@character_set_client;
/*!50503 SET character_set_client = utf8mb4 */;
/*!50001 CREATE VIEW `viewtopstudents` AS SELECT 
 1 AS `StudentID`,
 1 AS `StudentName`,
 1 AS `GPA`*/;
SET character_set_client = @saved_cs_client;

--
-- Final view structure for view `viewclassroster`
--

/*!50001 DROP VIEW IF EXISTS `viewclassroster`*/;
/*!50001 SET @saved_cs_client          = @@character_set_client */;
/*!50001 SET @saved_cs_results         = @@character_set_results */;
/*!50001 SET @saved_col_connection     = @@collation_connection */;
/*!50001 SET character_set_client      = utf8mb4 */;
/*!50001 SET character_set_results     = utf8mb4 */;
/*!50001 SET collation_connection      = utf8mb4_0900_ai_ci */;
/*!50001 CREATE ALGORITHM=UNDEFINED */
/*!50013 DEFINER=`root`@`localhost` SQL SECURITY DEFINER */
/*!50001 VIEW `viewclassroster` AS select `c`.`ClassName` AS `ClassName`,`s`.`StudentName` AS `StudentName`,`s`.`Address` AS `Address` from (`classes` `c` join `students` `s` on((`c`.`ClassID` = `s`.`ClassID`))) */;
/*!50001 SET character_set_client      = @saved_cs_client */;
/*!50001 SET character_set_results     = @saved_cs_results */;
/*!50001 SET collation_connection      = @saved_col_connection */;

--
-- Final view structure for view `viewtopstudents`
--

/*!50001 DROP VIEW IF EXISTS `viewtopstudents`*/;
/*!50001 SET @saved_cs_client          = @@character_set_client */;
/*!50001 SET @saved_cs_results         = @@character_set_results */;
/*!50001 SET @saved_col_connection     = @@collation_connection */;
/*!50001 SET character_set_client      = utf8mb4 */;
/*!50001 SET character_set_results     = utf8mb4 */;
/*!50001 SET collation_connection      = utf8mb4_0900_ai_ci */;
/*!50001 CREATE ALGORITHM=UNDEFINED */
/*!50013 DEFINER=`root`@`localhost` SQL SECURITY DEFINER */
/*!50001 VIEW `viewtopstudents` AS select `s`.`StudentID` AS `StudentID`,`s`.`StudentName` AS `StudentName`,least(round((avg(`g`.`Score`) * 0.4),2),4.00) AS `GPA` from (`students` `s` join `grades` `g` on((`s`.`StudentID` = `g`.`StudentID`))) group by `s`.`StudentID`,`s`.`StudentName` order by `GPA` desc limit 10 */;
/*!50001 SET character_set_client      = @saved_cs_client */;
/*!50001 SET character_set_results     = @saved_cs_results */;
/*!50001 SET collation_connection      = @saved_col_connection */;
SET @@SESSION.SQL_LOG_BIN = @MYSQLDUMP_TEMP_LOG_BIN;
/*!40103 SET TIME_ZONE=@OLD_TIME_ZONE */;

/*!40101 SET SQL_MODE=@OLD_SQL_MODE */;
/*!40014 SET FOREIGN_KEY_CHECKS=@OLD_FOREIGN_KEY_CHECKS */;
/*!40014 SET UNIQUE_CHECKS=@OLD_UNIQUE_CHECKS */;
/*!40101 SET CHARACTER_SET_CLIENT=@OLD_CHARACTER_SET_CLIENT */;
/*!40101 SET CHARACTER_SET_RESULTS=@OLD_CHARACTER_SET_RESULTS */;
/*!40101 SET COLLATION_CONNECTION=@OLD_COLLATION_CONNECTION */;
/*!40111 SET SQL_NOTES=@OLD_SQL_NOTES */;

-- Dump completed on 2026-05-05 12:27:57
